연번,검증인정서번호,기업명,공장명,모델명,검증코드,출력(W),탄소배출량,검증방법,검증인정서발급일,검증인정서만료일
1,2020-001,한화솔루션(주),음성 제2사업장,Q.PEAK DUO XL-G9.3 KR1 440,Q.PEAK DUO XL-G9.3 KR1 440_659.88kgCO2,440,659.88,표준배출계수,2023-09-16,2026-09-15
2,2020-002,한화솔루션(주),음성 제2사업장,Q.PEAK DUO XL-G9.3 KR1 440,Q.PEAK DUO XL-G9.3 KR1 440_678.24kgCO2,440,678.24,표준배출계수,2023-09-16,2026-09-15
3,2020-003,한화솔루션(주),음성 제2사업장,Q.PEAK DUO XL-G9.3 KR1 440,Q.PEAK DUO XL-G9.3 KR1 440_748.37kgCO2,440,748.37,표준배출계수,2020-09-16,2023-09-15
4,2020-004,한화솔루션(주),음성 제2사업장,Q.PEAK DUO XL-G9.3 KR1 445,Q.PEAK DUO XL-G9.3 KR1 445_652.46kgCO2,445,652.46,표준배출계수,2023-09-16,2026-09-15
5,2020-005,한화솔루션(주),음성 제2사업장,Q.PEAK DUO XL-G9.3 KR1 445,Q.PEAK DUO XL-G9.3 KR1 445_670.62kgCO2,445,670.62,표준배출계수,2023-09-16,2026-09-15
6,2020-006,한화솔루션(주),음성 제2사업장,Q.PEAK DUO XL-G9.3 KR1 445,Q.PEAK DUO XL-G9.3 KR1 445_739.96kgCO2,445,739.96,표준배출계수,2020-09-16,2023-09-15
7,2020-007,한화솔루션(주),음성 제2사업장,Q.PEAK DUO XL-G9.3 KR1 450,Q.PEAK DUO XL-G9.3 KR1 450_645.21kgCO2,450,645.21,표준배출계수,2023-09-16,2026-09-15
8,2020-008,한화솔루션(주),음성 제2사업장,Q.PEAK DUO XL-G9.3 KR1 450,Q.PEAK DUO XL-G9.3 KR1 450_663.17kgCO2,450,663.17,표준배출계수,2023-09-16,2026-09-15
9,2020-009,한화솔루션(주),음성 제2사업장,Q.PEAK DUO XL-G9.3 KR1 450,Q.PEAK DUO XL-G9.3 KR1 450_731.74kgCO2,450,731.74,표준배출계수,2020-09-16,2023-09-15
10,2020-010,한화솔루션(주),음성 제2사업장,Q.PEAK DUO XL-G9.3 KR1 455,Q.PEAK DUO XL-G9.3 KR1 455_638.12kgCO2,455,638.12,표준배출계수,2023-09-16,2026-09-15
11,2020-011,한화솔루션(주),음성 제2사업장,Q.PEAK DUO XL-G9.3 KR1 455,Q.PEAK DUO XL-G9.3 KR1 455_655.88kgCO2,455,655.88,표준배출계수,2023-09-16,2026-09-15
12,2020-012,한화솔루션(주),음성 제2사업장,Q.PEAK DUO XL-G9.3 KR1 455,Q.PEAK DUO XL-G9.3 KR1 455_723.70kgCO2,455,723.7,표준배출계수,2023-09-16,2026-09-15
13,2020-013,한화솔루션(주),음성 제2사업장,Q.PEAK DUO XL-G9.3 440,Q.PEAK DUO XL-G9.3 440_749.48kgCO2,440,749.48,표준배출계수,2020-09-16,2023-09-15
14,2020-014,한화솔루션(주),음성 제2사업장,Q.PEAK DUO XL-G9.3 445,Q.PEAK DUO XL-G9.3 445_741.06kgCO2,445,741.06,표준배출계수,2020-09-16,2023-09-15
15,2020-015,한화솔루션(주),음성 제2사업장,Q.PEAK DUO XL-G9.3 450,Q.PEAK DUO XL-G9.3 450_732.83kgCO2,450,732.83,표준배출계수,2020-09-16,2023-09-15
16,2020-016,한화솔루션(주),음성 제2사업장,Q.PEAK DUO L-G8 KR1 405,Q.PEAK DUO L-G8 KR1 405_667.20kgCO2,405,667.2,표준배출계수,2023-09-16,2026-09-15
17,2020-017,한화솔루션(주),음성 제2사업장,Q.PEAK DUO L-G8 KR1 405,Q.PEAK DUO L-G8 KR1 405_685.62kgCO2,405,685.62,표준배출계수,2020-09-16,2023-09-15
18,2020-018,한화솔루션(주),음성 제2사업장,Q.PEAK DUO L-G8 KR1 405,Q.PEAK DUO L-G8 KR1 405_755.99kgCO2,405,755.99,표준배출계수,2020-09-16,2023-09-15
19,2020-019,한화솔루션(주),음성 제2사업장,Q.PEAK DUO L-G8 KR1 410,Q.PEAK DUO L-G8 KR1 410_659.06kgCO2,410,659.06,표준배출계수,2023-09-16,2026-09-15
20,2020-020,한화솔루션(주),음성 제2사업장,Q.PEAK DUO L-G8 KR1 410,Q.PEAK DUO L-G8 KR1 410_677.26kgCO2,410,677.26,표준배출계수,2020-09-16,2023-09-15
21,2020-021,한화솔루션(주),음성 제2사업장,Q.PEAK DUO L-G8 KR1 410,Q.PEAK DUO L-G8 KR1 410_746.77kgCO2,410,746.77,표준배출계수,2020-09-16,2023-09-15
22,2020-022,한화솔루션(주),음성 제2사업장,Q.PEAK DUO L-G8 KR1 415,Q.PEAK DUO L-G8 KR1 415_651.12kgCO2,415,651.12,표준배출계수,2023-09-16,2026-09-15
23,2020-023,한화솔루션(주),음성 제2사업장,Q.PEAK DUO L-G8 KR1 415,Q.PEAK DUO L-G8 KR1 415_669.10kgCO2,415,669.1,표준배출계수,2020-09-16,2023-09-15
24,2020-024,한화솔루션(주),음성 제2사업장,Q.PEAK DUO L-G8 KR1 415,Q.PEAK DUO L-G8 KR1 415_737.77kgCO2,415,737.77,표준배출계수,2020-09-16,2023-09-15
25,2020-025,한화솔루션(주),음성 제2사업장,Q.PEAK DUO L-G8 KR1 420,Q.PEAK DUO L-G8 KR1 420_643.37kgCO2,420,643.37,표준배출계수,2023-09-16,2026-09-15
26,2020-026,한화솔루션(주),음성 제2사업장,Q.PEAK DUO L-G8 KR1 420,Q.PEAK DUO L-G8 KR1 420_661.13kgCO2,420,661.13,표준배출계수,2020-09-16,2023-09-15
27,2020-027,한화솔루션(주),음성 제2사업장,Q.PEAK DUO L-G8 KR1 420,Q.PEAK DUO L-G8 KR1 420_728.99kgCO2,420,728.99,표준배출계수,2023-09-16,2026-09-15
28,2020-028,한화솔루션(주),음성 제2사업장,Q.PEAK DUO L-G8 KR1 425,Q.PEAK DUO L-G8 KR1 425_635.80kgCO2,425,635.8,표준배출계수,2023-09-16,2026-09-15
29,2020-029,한화솔루션(주),음성 제2사업장,Q.PEAK DUO L-G8 KR1 425,Q.PEAK DUO L-G8 KR1 425_653.36kgCO2,425,653.36,표준배출계수,2020-09-16,2023-09-15
30,2020-030,한화솔루션(주),음성 제2사업장,Q.PEAK DUO L-G8 KR1 425,Q.PEAK DUO L-G8 KR1 425_720.41kgCO2,425,720.41,표준배출계수,2023-09-16,2026-09-15
31,2020-031,한화솔루션(주),음성 제2사업장,Q.PEAK DUO L-G8 KR2 410,Q.PEAK DUO L-G8 KR2 410_658.74kgCO2,410,658.74,표준배출계수,2020-09-16,2023-09-15
32,2020-032,한화솔루션(주),음성 제2사업장,Q.PEAK DUO L-G8 KR2 410,Q.PEAK DUO L-G8 KR2 410_676.94kgCO2,410,676.94,표준배출계수,2020-09-16,2023-09-15
33,2020-033,한화솔루션(주),음성 제2사업장,Q.PEAK DUO L-G8 KR2 410,Q.PEAK DUO L-G8 KR2 410_746.45kgCO2,410,746.45,표준배출계수,2020-09-16,2023-09-15
34,2020-034,한화솔루션(주),음성 제2사업장,Q.PEAK DUO L-G8 KR2 415,Q.PEAK DUO L-G8 KR2 415_650.80kgCO2,415,650.8,표준배출계수,2020-09-16,2023-09-15
35,2020-035,한화솔루션(주),음성 제2사업장,Q.PEAK DUO L-G8 KR2 415,Q.PEAK DUO L-G8 KR2 415_668.78kgCO2,415,668.78,표준배출계수,2020-09-16,2023-09-15
36,2020-036,한화솔루션(주),음성 제2사업장,Q.PEAK DUO L-G8 KR2 415,Q.PEAK DUO L-G8 KR2 415_737.45kgCO2,415,737.45,표준배출계수,2020-09-16,2023-09-15
37,2020-037,한화솔루션(주),음성 제2사업장,Q.PEAK DUO L-G8 KR2 420,Q.PEAK DUO L-G8 KR2 420_643.05kgCO2,420,643.05,표준배출계수,2020-09-16,2023-09-15
38,2020-038,한화솔루션(주),음성 제2사업장,Q.PEAK DUO L-G8 KR2 420,Q.PEAK DUO L-G8 KR2 420_660.82kgCO2,420,660.82,표준배출계수,2020-09-16,2023-09-15
39,2020-039,한화솔루션(주),음성 제2사업장,Q.PEAK DUO L-G8 KR2 420,Q.PEAK DUO L-G8 KR2 420_728.67kgCO2,420,728.67,표준배출계수,2020-09-16,2023-09-15
40,2020-040,한화솔루션(주),음성 제2사업장,Q.PEAK DUO L-G8 KR2 425,Q.PEAK DUO L-G8 KR2 425_635.49kgCO2,425,635.49,표준배출계수,2020-09-16,2023-09-15
41,2020-041,한화솔루션(주),음성 제2사업장,Q.PEAK DUO L-G8 KR2 425,Q.PEAK DUO L-G8 KR2 425_653.04kgCO2,425,653.04,표준배출계수,2020-09-16,2023-09-15
42,2020-042,한화솔루션(주),음성 제2사업장,Q.PEAK DUO L-G8 KR2 425,Q.PEAK DUO L-G8 KR2 425_720.10kgCO2,425,720.1,표준배출계수,2020-09-16,2023-09-15
43,2020-043,한화솔루션(주),음성 제2사업장,Q.PEAK DUO L-G7 385,Q.PEAK DUO L-G7 385_784.72kgCO2,385,784.72,표준배출계수,2020-09-16,2023-09-15
44,2020-044,한화솔루션(주),음성 제2사업장,Q.PEAK DUO L-G7 390,Q.PEAK DUO L-G7 390_774.66kgCO2,390,774.66,표준배출계수,2020-09-16,2023-09-15
45,2020-045,한화솔루션(주),음성 제2사업장,Q.PEAK DUO L-G7 395,Q.PEAK DUO L-G7 395_764.86kgCO2,395,764.86,표준배출계수,2020-09-16,2023-09-15
46,2020-046,한화솔루션(주),음성 제2사업장,Q.PEAK DUO L-G7.4 385,Q.PEAK DUO L-G7.4 385_801.15kgCO2,385,801.15,표준배출계수,2020-09-16,2023-09-15
47,2020-047,한화솔루션(주),음성 제2사업장,Q.PEAK DUO L-G7.4 390,Q.PEAK DUO L-G7.4 390_790.88kgCO2,390,790.88,표준배출계수,2020-09-16,2023-09-15
48,2020-048,한화솔루션(주),음성 제2사업장,Q.PEAK DUO L-G7.4 395,Q.PEAK DUO L-G7.4 395_780.87kgCO2,395,780.87,표준배출계수,2020-09-16,2023-09-15
49,2020-049,한화솔루션(주),음성 제2사업장,Q.PEAK DUO L-G7.4 400,Q.PEAK DUO L-G7.4 400_771.11kgCO2,400,771.11,표준배출계수,2020-09-16,2023-09-15
50,2020-050,한화솔루션(주),음성 제2사업장,Q.PEAK L-G4.4 365,Q.PEAK L-G4.4 365_823.11kgCO2,365,823.11,표준배출계수,2020-09-16,2023-09-15
51,2020-051,한화솔루션(주),음성 제2사업장,Q.PEAK L-G4.4 370,Q.PEAK L-G4.4 370_811.99kgCO2,370,811.99,표준배출계수,2020-09-16,2023-09-15
52,2020-052,한화솔루션(주),음성 제2사업장,Q.PEAK L-G4.4 375,Q.PEAK L-G4.4 375_801.16kgCO2,375,801.16,표준배출계수,2020-09-16,2023-09-15
53,2020-053,한화솔루션(주),음성 제2사업장,Q.PEAK L-G4.4 380,Q.PEAK L-G4.4 380_790.62kgCO2,380,790.62,표준배출계수,2020-09-16,2023-09-15
54,2020-054,한화솔루션(주),음성 제2사업장,Q.PEAK L-G4.4 385,Q.PEAK L-G4.4 385_780.35kgCO2,385,780.35,표준배출계수,2020-09-16,2023-09-15
55,2020-055,한화솔루션(주),음성 제2사업장,Q.PEAK BFR L-G4.4 365,Q.PEAK BFR L-G4.4 365_823.11kgCO2,365,823.11,표준배출계수,2020-09-16,2023-09-15
56,2020-056,한화솔루션(주),음성 제2사업장,Q.PEAK BFR L-G4.4 370,Q.PEAK BFR L-G4.4 370_811.99kgCO2,370,811.99,표준배출계수,2020-09-16,2023-09-15
57,2020-057,한화솔루션(주),음성 제2사업장,Q.PEAK BFR L-G4.4 375,Q.PEAK BFR L-G4.4 375_801.16kgCO2,375,801.16,표준배출계수,2020-09-16,2023-09-15
58,2020-058,한화솔루션(주),음성 제2사업장,Q.PEAK BFR L-G4.4 380,Q.PEAK BFR L-G4.4 380_790.62kgCO2,380,790.62,표준배출계수,2020-09-16,2023-09-15
59,2020-059,한화솔루션(주),음성 제2사업장,Q.PEAK DUO L-G8.3/BFG 410,Q.PEAK DUO L-G8.3/BFG 410_660.28kgCO2,410,660.28,표준배출계수,2023-09-16,2026-09-15
60,2020-060,한화솔루션(주),음성 제2사업장,Q.PEAK DUO L-G8.3/BFG 410,Q.PEAK DUO L-G8.3/BFG 410_678.48kgCO2,410,678.48,표준배출계수,2020-09-16,2023-09-15
61,2020-061,한화솔루션(주),음성 제2사업장,Q.PEAK DUO L-G8.3/BFG 410,Q.PEAK DUO L-G8.3/BFG 410_747.99kgCO2,410,747.99,표준배출계수,2020-09-16,2023-09-15
62,2020-062,한화솔루션(주),음성 제2사업장,Q.PEAK DUO L-G8.3/BFG 415,Q.PEAK DUO L-G8.3/BFG 415_652.33kgCO2,415,652.33,표준배출계수,2023-09-16,2026-09-15
63,2020-063,한화솔루션(주),음성 제2사업장,Q.PEAK DUO L-G8.3/BFG 415,Q.PEAK DUO L-G8.3/BFG 415_670.30kgCO2,415,670.3,표준배출계수,2020-09-16,2023-09-15
64,2020-064,한화솔루션(주),음성 제2사업장,Q.PEAK DUO L-G8.3/BFG 415,Q.PEAK DUO L-G8.3/BFG 415_738.98kgCO2,415,738.98,표준배출계수,2020-09-16,2023-09-15
65,2020-065,한화솔루션(주),음성 제2사업장,Q.PEAK DUO L-G8.3/BFG 420,Q.PEAK DUO L-G8.3/BFG 420_644.56kgCO2,420,644.56,표준배출계수,2023-09-16,2026-09-15
66,2020-066,한화솔루션(주),음성 제2사업장,Q.PEAK DUO L-G8.3/BFG 420,Q.PEAK DUO L-G8.3/BFG 420_662.32kgCO2,420,662.32,표준배출계수,2020-09-16,2023-09-15
67,2020-067,한화솔루션(주),음성 제2사업장,Q.PEAK DUO L-G8.3/BFG 420,Q.PEAK DUO L-G8.3/BFG 420_730.18kgCO2,420,730.18,표준배출계수,2020-09-16,2023-09-15
68,2020-068,한화솔루션(주),음성 제2사업장,Q.PEAK DUO L-G8.3/BFG 425,Q.PEAK DUO L-G8.3/BFG 425_636.98kgCO2,425,636.98,표준배출계수,2023-09-16,2026-09-15
69,2020-069,한화솔루션(주),음성 제2사업장,Q.PEAK DUO L-G8.3/BFG 425,Q.PEAK DUO L-G8.3/BFG 425_654.53kgCO2,425,654.53,표준배출계수,2020-09-16,2023-09-15
70,2020-070,한화솔루션(주),음성 제2사업장,Q.PEAK DUO L-G8.3/BFG 425,Q.PEAK DUO L-G8.3/BFG 425_721.59kgCO2,425,721.59,표준배출계수,2023-09-16,2026-09-15
71,2020-071,한화솔루션(주),진천사업장,Q.PEAK DUO L-G6 KR1 405,Q.PEAK DUO L-G6 KR1 405_668.13kgCO2,405,668.13,표준배출계수,2020-09-16,2023-09-15
72,2020-072,한화솔루션(주),진천사업장,Q.PEAK DUO L-G6 KR1 405,Q.PEAK DUO L-G6 KR1 405_686.55kgCO2,405,686.55,표준배출계수,2020-09-16,2023-09-15
73,2020-073,한화솔루션(주),진천사업장,Q.PEAK DUO L-G6 KR1 405,Q.PEAK DUO L-G6 KR1 405_756.92kgCO2,405,756.92,표준배출계수,2020-09-16,2023-09-15
74,2020-074,한화솔루션(주),진천사업장,Q.PEAK DUO L-G6 KR1 410,Q.PEAK DUO L-G6 KR1 410_659.98kgCO2,410,659.98,표준배출계수,2020-09-16,2023-09-15
75,2020-075,한화솔루션(주),진천사업장,Q.PEAK DUO L-G6 KR1 410,Q.PEAK DUO L-G6 KR1 410_678.18kgCO2,410,678.18,표준배출계수,2020-09-16,2023-09-15
76,2020-076,한화솔루션(주),진천사업장,Q.PEAK DUO L-G6 KR1 410,Q.PEAK DUO L-G6 KR1 410_747.69kgCO2,410,747.69,표준배출계수,2020-09-16,2023-09-15
77,2020-077,한화솔루션(주),진천사업장,Q.PEAK DUO L-G6 KR1 415,Q.PEAK DUO L-G6 KR1 415_652.03kgCO2,415,652.03,표준배출계수,2020-09-16,2023-09-15
78,2020-078,한화솔루션(주),진천사업장,Q.PEAK DUO L-G6 KR1 415,Q.PEAK DUO L-G6 KR1 415_669.96kgCO2,415,669.96,표준배출계수,2020-09-16,2023-09-15
79,2020-079,한화솔루션(주),진천사업장,Q.PEAK DUO L-G6 KR1 415,Q.PEAK DUO L-G6 KR1 415_738.68kgCO2,415,738.68,표준배출계수,2020-09-16,2023-09-15
80,2020-080,한화솔루션(주),진천사업장,Q.PEAK DUO L-G6 KR1 420,Q.PEAK DUO L-G6 KR1 420_644.27kgCO2,420,644.27,표준배출계수,2020-09-16,2023-09-15
81,2020-081,한화솔루션(주),진천사업장,Q.PEAK DUO L-G6 KR1 420,Q.PEAK DUO L-G6 KR1 420_662.03kgCO2,420,662.03,표준배출계수,2020-09-16,2023-09-15
82,2020-082,한화솔루션(주),진천사업장,Q.PEAK DUO L-G6 KR1 420,Q.PEAK DUO L-G6 KR1 420_729.89kgCO2,420,729.89,표준배출계수,2023-09-16,2026-09-15
83,2020-083,한화솔루션(주),진천사업장,Q.PEAK DUO L-G6 KR1 425,Q.PEAK DUO L-G6 KR1 425_636.69kgCO2,425,636.69,표준배출계수,2020-09-16,2023-09-15
84,2020-084,한화솔루션(주),진천사업장,Q.PEAK DUO L-G6 KR1 425,Q.PEAK DUO L-G6 KR1 425_654.24kgCO2,425,654.24,표준배출계수,2020-09-16,2023-09-15
85,2020-085,한화솔루션(주),진천사업장,Q.PEAK DUO L-G6 KR1 425,Q.PEAK DUO L-G6 KR1 425_721.30kgCO2,425,721.3,표준배출계수,2023-09-16,2026-09-15
86,2020-086,한화솔루션(주),진천사업장,Q.PEAK DUO L-G6 KR2 410,Q.PEAK DUO L-G6 KR2 410_659.89kgCO2,410,659.89,표준배출계수,2023-09-16,2026-09-15
87,2020-087,한화솔루션(주),진천사업장,Q.PEAK DUO L-G6 KR2 410,Q.PEAK DUO L-G6 KR2 410_678.08kgCO2,410,678.08,표준배출계수,2023-09-16,2026-09-15
88,2020-088,한화솔루션(주),진천사업장,Q.PEAK DUO L-G6 KR2 410,Q.PEAK DUO L-G6 KR2 410_747.59kgCO2,410,747.59,표준배출계수,2020-09-16,2023-09-15
89,2020-089,한화솔루션(주),진천사업장,Q.PEAK DUO L-G6 KR2 415,Q.PEAK DUO L-G6 KR2 415_651.94kgCO2,415,651.94,표준배출계수,2023-09-16,2026-09-15
90,2020-090,한화솔루션(주),진천사업장,Q.PEAK DUO L-G6 KR2 415,Q.PEAK DUO L-G6 KR2 415_669.91kgCO2,415,669.91,표준배출계수,2023-09-16,2026-09-15
91,2020-091,한화솔루션(주),진천사업장,Q.PEAK DUO L-G6 KR2 415,Q.PEAK DUO L-G6 KR2 415_738.59kgCO2,415,738.59,표준배출계수,2020-09-16,2023-09-15
92,2020-092,한화솔루션(주),진천사업장,Q.PEAK DUO L-G6 KR2 420,Q.PEAK DUO L-G6 KR2 420_644.17kgCO2,420,644.17,표준배출계수,2023-09-16,2026-09-15
93,2020-093,한화솔루션(주),진천사업장,Q.PEAK DUO L-G6 KR2 420,Q.PEAK DUO L-G6 KR2 420_661.94kgCO2,420,661.94,표준배출계수,2023-09-16,2026-09-15
94,2020-094,한화솔루션(주),진천사업장,Q.PEAK DUO L-G6 KR2 420,Q.PEAK DUO L-G6 KR2 420_729.79kgCO2,420,729.79,표준배출계수,2023-09-16,2026-09-15
95,2020-095,한화솔루션(주),진천사업장,Q.PEAK DUO L-G6 KR2 425,Q.PEAK DUO L-G6 KR2 425_636.60kgCO2,425,636.6,표준배출계수,2023-09-16,2026-09-15
96,2020-096,한화솔루션(주),진천사업장,Q.PEAK DUO L-G6 KR2 425,Q.PEAK DUO L-G6 KR2 425_654.15kgCO2,425,654.15,표준배출계수,2023-09-16,2026-09-15
97,2020-097,한화솔루션(주),진천사업장,Q.PEAK DUO L-G6 KR2 425,Q.PEAK DUO L-G6 KR2 425_721.21kgCO2,425,721.21,표준배출계수,2023-09-16,2026-09-15
98,2020-098,한화솔루션(주),진천사업장,Q.PEAK DUO L-G6.4 KR1 410,Q.PEAK DUO L-G6.4 KR1 410_764.11kgCO2,410,764.11,표준배출계수,2020-09-16,2023-09-15
99,2020-099,한화솔루션(주),진천사업장,Q.PEAK DUO L-G6.4 KR1 415,Q.PEAK DUO L-G6.4 KR1 415_754.90kgCO2,415,754.9,표준배출계수,2020-09-16,2023-09-15
100,2020-100,한화솔루션(주),진천사업장,Q.PEAK DUO L-G6.4 KR1 420,Q.PEAK DUO L-G6.4 KR1 420_745.91kgCO2,420,745.91,표준배출계수,2020-09-16,2023-09-15
101,2020-101,한화솔루션(주),진천사업장,Q.PEAK DUO L-G6.4 KR1 425,Q.PEAK DUO L-G6.4 KR1 425_737.14kgCO2,425,737.14,표준배출계수,2020-09-16,2023-09-15
102,2020-102,한화솔루션(주),진천사업장,Q.PEAK DUO L-G6.4 KR2 410,Q.PEAK DUO L-G6.4 KR2 410_764.01kgCO2,410,764.01,표준배출계수,2020-09-16,2023-09-15
103,2020-103,한화솔루션(주),진천사업장,Q.PEAK DUO L-G6.4 KR2 415,Q.PEAK DUO L-G6.4 KR2 415_754.80kgCO2,415,754.8,표준배출계수,2020-09-16,2023-09-15
104,2020-104,한화솔루션(주),진천사업장,Q.PEAK DUO L-G6.4 KR2 420,Q.PEAK DUO L-G6.4 KR2 420_745.82kgCO2,420,745.82,표준배출계수,2020-09-16,2023-09-15
105,2020-105,한화솔루션(주),진천사업장,Q.PEAK DUO L-G6.4 KR2 425,Q.PEAK DUO L-G6.4 KR2 425_737.04kgCO2,425,737.04,표준배출계수,2020-09-16,2023-09-15
106,2020-106,한화솔루션(주),진천사업장,Q.PEAK DUO L-G6.7 410,Q.PEAK DUO L-G6.7 410_764.01kgCO2,410,764.01,표준배출계수,2020-09-16,2023-09-15
107,2020-107,한화솔루션(주),진천사업장,Q.PEAK DUO L-G6.7 415,Q.PEAK DUO L-G6.7 415_754.80kgCO2,415,754.8,표준배출계수,2020-09-16,2023-09-15
108,2020-108,한화솔루션(주),진천사업장,Q.PEAK DUO L-G6.7 420,Q.PEAK DUO L-G6.7 420_745.82kgCO2,420,745.82,표준배출계수,2020-09-16,2023-09-15
109,2020-109,한화솔루션(주),진천사업장,Q.PEAK DUO L-G6.7 425,Q.PEAK DUO L-G6.7 425_737.04kgCO2,425,737.04,표준배출계수,2020-09-16,2023-09-15
110,2020-110,한화솔루션(주),진천사업장,Q.PEAK DUO L-G6.2 KR1 405,Q.PEAK DUO L-G6.2 KR1 405_677.58kgCO2,405,677.58,표준배출계수,2020-09-16,2020-12-21
111,2020-111,한화솔루션(주),진천사업장,Q.PEAK DUO L-G6.2 KR1 405,Q.PEAK DUO L-G6.2 KR1 405_766.37kgCO2,405,766.37,표준배출계수,2020-09-16,2020-12-21
112,2020-112,한화솔루션(주),진천사업장,Q.PEAK DUO L-G6.2 KR1 410,Q.PEAK DUO L-G6.2 KR1 410_669.31kgCO2,410,669.31,표준배출계수,2020-09-16,2020-12-21
113,2020-113,한화솔루션(주),진천사업장,Q.PEAK DUO L-G6.2 KR1 410,Q.PEAK DUO L-G6.2 KR1 410_757.02kgCO2,410,757.02,표준배출계수,2020-09-16,2020-12-21
114,2020-114,한화솔루션(주),진천사업장,Q.PEAK DUO L-G6.2 KR1 415,Q.PEAK DUO L-G6.2 KR1 415_661.25kgCO2,415,661.25,표준배출계수,2020-09-16,2020-12-21
115,2020-115,한화솔루션(주),진천사업장,Q.PEAK DUO L-G6.2 KR1 415,Q.PEAK DUO L-G6.2 KR1 415_747.90kgCO2,415,747.9,표준배출계수,2020-09-16,2020-12-21
116,2020-116,한솔에너지온,한솔에너지온 오창공장,HS435UE-AH3,HS435UE-AH3_769.61kgCO2,435,769.61,표준배출계수,2023-09-16,2026-09-15
117,2020-117,한솔에너지온,한솔에너지온 오창공장,HS430UE-AH3,HS430UE-AH3_778.56kgCO2,430,778.56,표준배출계수,2023-09-16,2026-09-15
118,2020-118,한솔에너지온,한솔에너지온 오창공장,HS425UE-AH3,HS425UE-AH3_787.72kgCO2,425,787.72,표준배출계수,2023-09-16,2026-09-15
119,2020-119,한솔에너지온,한솔에너지온 오창공장,HS390UD-W02,HS390UD-W02_772.88kgCO2,390,772.88,표준배출계수,2023-09-16,2026-09-15
120,2020-120,한솔에너지온,한솔에너지온 오창공장,HS385-W02,HS385-W02_782.92kgCO2,385,782.92,표준배출계수,2023-09-16,2026-09-15
121,2020-121,한솔에너지온,한솔에너지온 오창공장,HS405UD-HH2,HS405UD-HH2_744.19kgCO2,405,744.19,표준배출계수,2023-09-16,2026-09-15
122,2020-122,한솔에너지온,한솔에너지온 오창공장,HS400UD-HH2,HS400UD-HH2_753.49kgCO2,400,753.49,표준배출계수,2023-09-16,2026-09-15
123,2020-123,한솔에너지온,한솔에너지온 오창공장,HS395UD-HH2,HS395UD-HH2_763.03kgCO2,395,763.03,표준배출계수,2023-09-16,2026-09-15
124,2020-124,한솔에너지온,한솔에너지온 오창공장,HS390UD-HH2,HS390UD-HH2_772.81kgCO2,390,772.81,표준배출계수,2023-09-16,2026-09-15
125,2020-125,한솔에너지온,한솔에너지온 오창공장,HS385UD-HH2,HS385UD-HH2_782.85kgCO2,385,782.85,표준배출계수,2023-09-16,2026-09-15
126,2020-126,한솔에너지온,한솔에너지온 오창공장,HS380UD-HH2,HS380UD-HH2_793.15kgCO2,380,793.15,표준배출계수,2023-09-16,2026-09-15
127,2020-127,한솔에너지온,한솔에너지온 오창공장,HS395UD-AH2,HS395UD-AH2_760.58kgCO2,395,760.58,표준배출계수,2023-09-16,2026-09-15
128,2020-128,한솔에너지온,한솔에너지온 오창공장,HS390UD-AH2,HS390UD-AH2_770.33kgCO2,390,770.33,표준배출계수,2023-09-16,2026-09-15
129,2020-129,한솔에너지온,한솔에너지온 오창공장,HS385UD-AH2,HS385UD-AH2_780.34kgCO2,385,780.34,표준배출계수,2023-09-16,2026-09-15
130,2020-130,한솔에너지온,한솔에너지온 오창공장,HS380UD-AH2,HS380UD-AH2_790.60kgCO2,380,790.6,표준배출계수,2023-09-16,2026-09-15
131,2020-131,한솔에너지온,한솔에너지온 오창공장,HS375UD-AH2,HS375UD-AH2_801.15kgCO2,375,801.15,표준배출계수,2023-09-16,2026-09-15
132,2020-132,한솔에너지온,한솔에너지온 오창공장,HS425UE-AH2,HS425UE-AH2_763.86kgCO2,425,763.86,표준배출계수,2023-09-16,2026-09-15
133,2020-133,한솔에너지온,한솔에너지온 오창공장,HS420UE-AH2,HS420UE-AH2_772.96kgCO2,420,772.96,표준배출계수,2023-09-16,2026-09-15
134,2020-134,한솔에너지온,한솔에너지온 오창공장,HS415UE-AH2,HS415UE-AH2_782.27kgCO2,415,782.27,표준배출계수,2023-09-16,2026-09-15
135,2020-135,한솔에너지온,한솔에너지온 오창공장,HS410UE-AH2,HS410UE-AH2_791.81kgCO2,410,791.81,표준배출계수,2023-09-16,2026-09-15
136,2020-136,한솔에너지온,한솔에너지온 오창공장,HS405UE-AH2,HS405UE-AH2_801.58kgCO2,405,801.58,표준배출계수,2023-09-16,2026-09-15
137,2020-137,한솔에너지온,한솔에너지온 오창공장,HS375UD-AN1,HS375UD-AN1_777.94kgCO2,375,777.94,표준배출계수,2023-09-16,2026-09-15
138,2020-138,한솔에너지온,한솔에너지온 오창공장,HS370UD-AN1,HS370UD-AN1_788.45kgCO2,370,788.45,표준배출계수,2023-09-16,2026-09-15
139,2020-139,한솔에너지온,한솔에너지온 오창공장,HS365UD-AN1,HS365UD-AN1_799.26kgCO2,365,799.26,표준배출계수,2023-09-16,2026-09-15
140,2020-140,한솔에너지온,한솔에너지온 오창공장,HS360UD-AN1,HS360UD-AN1_810.36kgCO2,360,810.36,표준배출계수,2023-09-16,2026-09-15
141,2020-141,한솔에너지온,한솔에너지온 오창공장,HS355UD-AN1,HS355UD-AN1_821.77kgCO2,355,821.77,표준배출계수,2023-09-16,2026-09-15
142,2020-142,한솔에너지온,한솔에너지온 오창공장,HS400UD-JH2,HS400UD-JH2_750.94kgCO2,400,750.94,표준배출계수,2023-09-16,2026-09-15
143,2020-143,한솔에너지온,한솔에너지온 오창공장,HS395UD-JH2,HS395UD-JH2_760.45kgCO2,395,760.45,표준배출계수,2023-09-16,2026-09-15
144,2020-144,한솔에너지온,한솔에너지온 오창공장,HS390UD-JH2,HS390UD-JH2_770.20kgCO2,390,770.2,표준배출계수,2023-09-16,2026-09-15
145,2020-145,한솔에너지온,한솔에너지온 오창공장,HS385UD-JH2,HS385UD-JH2_780.20kgCO2,385,780.2,표준배출계수,2023-09-16,2026-09-15
146,2020-146,한솔에너지온,한솔에너지온 오창공장,HS380UD-JH2,HS380UD-JH2_790.47kgCO2,380,790.47,표준배출계수,2023-09-16,2026-09-15
147,2020-147,한솔에너지온,한솔에너지온 오창공장,HS400UE-AN1,HS400UE-AN1_793.13kgCO2,400,793.13,표준배출계수,2023-09-16,2026-09-15
148,2020-148,한솔에너지온,한솔에너지온 오창공장,HS395UE-AN1,HS395UE-AN1_803.17kgCO2,395,803.17,표준배출계수,2023-09-16,2026-09-15
149,2020-149,한솔에너지온,한솔에너지온 오창공장,HS390UE-AN1,HS390UE-AN1_813.47kgCO2,390,813.47,표준배출계수,2023-09-16,2026-09-15
150,2020-150,한솔에너지온,한솔에너지온 오창공장,HS385UE-AN1,HS385UE-AN1_824.03kgCO2,385,824.03,표준배출계수,2023-09-16,2026-09-15
151,2020-151,(주)에스에너지,(주)에스에너지 대전공장,SN315M-37,SN315M-37_785.73kgCO2,315,785.73,표준배출계수,2020-09-24,2023-09-23
152,2020-152,(주)에스에너지,(주)에스에너지 대전공장,SN320M-37,SN320M-37_773.45kgCO2,320,773.45,표준배출계수,2020-09-24,2023-09-23
153,2020-153,(주)에스에너지,(주)에스에너지 대전공장,SN380M-37,SN380M-37_793.52kgCO2,380,793.52,표준배출계수,2020-09-24,2023-09-23
154,2020-154,(주)에스에너지,(주)에스에너지 대전공장,SN385M-37,SN385M-37_783.22kgCO2,385,783.22,표준배출계수,2020-09-24,2023-09-23
155,2020-155,(주)에스에너지,(주)에스에너지 대전공장,SN390M-37,SN390M-37_773.18kgCO2,390,773.18,표준배출계수,2020-09-24,2023-09-23
156,2020-156,(주)에스에너지,(주)에스에너지 대전공장,SN25-78MAE-420S,SN25-78MAE-420S_776.15kgCO2,420,776.15,표준배출계수,2020-09-24,2023-09-23
157,2020-157,(주)에스에너지,(주)에스에너지 대전공장,SN25-78MAE-425S,SN25-78MAE-425S_767.02kgCO2,425,767.02,표준배출계수,2020-09-24,2023-09-23
158,2020-158,엘지전자(주),구미 제1공장,LG400S2W-U5,LG400S2W-U5_767.24kgCO2,400,767.24,표준배출계수,2020-09-24,2023-09-23
159,2020-159,엘지전자(주),구미 제1공장,LG395S2W-U5,LG395S2W-U5_776.95kgCO2,395,776.95,표준배출계수,2020-09-24,2023-09-23
160,2020-160,엘지전자(주),구미 제3공장,LG425N2T-V5,LG425N2T-V5_757.73kgCO2,400,757.73,표준배출계수,2020-09-24,2023-09-23
161,2020-161,엘지전자(주),구미 제3공장,LG420N2W-V5,LG420N2W-V5_721.26kgCO2,420,721.26,표준배출계수,2020-09-24,2023-09-23
162,2020-162,엘지전자(주),구미 제3공장,LG415N2W-V5,LG415N2W-V5_729.95kgCO2,415,729.95,표준배출계수,2020-09-24,2023-09-23
163,2020-163,엘지전자(주),구미 제3공장,LG420N2W-L5,LG420N2W-L5_722.33kgCO2,420,722.33,표준배출계수,2020-09-24,2023-09-23
164,2020-164,엘지전자(주),구미 제3공장,LG415N2W-L5,LG415N2W-L5_731.03kgCO2,415,731.03,표준배출계수,2020-09-24,2023-09-23
165,2020-165,에이치디현대에너지솔루션(주),음성공장,HiS-S445XI,HiS-S445XI_784.41kgCO2,445,784.41,표준배출계수,2023-09-24,2026-09-23
166,2020-166,에이치디현대에너지솔루션(주),음성공장,HiS-S440XI,HiS-S440XI_793.32kgCO2,440,793.32,표준배출계수,2023-09-24,2026-09-23
167,2020-167,에이치디현대에너지솔루션(주),음성공장,HiS-S435XI,HiS-S435XI_802.44kgCO2,435,802.44,표준배출계수,2023-09-24,2026-09-23
168,2020-168,에이치디현대에너지솔루션(주),음성공장,HiS-S430XI,HiS-S430XI_811.77kgCO2,430,811.77,표준배출계수,2023-09-24,2026-09-23
169,2020-169,에이치디현대에너지솔루션(주),음성공장,HiS-S425XI,HiS-S425XI_821.32kgCO2,425,821.32,표준배출계수,2020-09-24,2023-09-23
170,2020-170,에이치디현대에너지솔루션(주),음성공장,HiS-S450YI,HiS-S450YI_779.64kgCO2,450,779.64,표준배출계수,2020-09-24,2023-09-23
171,2020-171,에이치디현대에너지솔루션(주),음성공장,HiS-S445YI,HiS-S445YI_788.4kgCO2,445,788.4,표준배출계수,2020-09-24,2023-09-23
172,2020-172,에이치디현대에너지솔루션(주),음성공장,HiS-S440YI,HiS-S440YI_797.35kgCO2,440,797.35,표준배출계수,2023-09-24,2026-09-23
173,2020-173,에이치디현대에너지솔루션(주),음성공장,HiS-S435YI,HiS-S435YI_806.52kgCO2,435,806.52,표준배출계수,2023-09-24,2026-09-23
174,2020-174,에이치디현대에너지솔루션(주),음성공장,HiS-S430YI,HiS-S430YI_815.90kgCO2,430,815.9,표준배출계수,2023-09-24,2026-09-23
175,2020-175,에이치디현대에너지솔루션(주),음성공장,HiS-S425YI,HiS-S425YI_825.5kgCO2,425,825.5,표준배출계수,2020-09-24,2023-09-23
176,2020-176,에이치디현대에너지솔루션(주),음성공장,HiS-S380RI-EEHA,HiS-S380RI-EEHA_794.92kgCO2,380,794.92,표준배출계수,2023-09-24,2026-09-23
177,2020-177,에이치디현대에너지솔루션(주),음성공장,HiS-S375RI-EEHA,HiS-S375RI-EEHA_805.52kgCO2,375,805.52,표준배출계수,2023-09-24,2026-09-23
178,2020-178,에이치디현대에너지솔루션(주),음성공장,HiS-S370RI-EEHA,HiS-S370RI-EEHA_816.41kgCO2,370,816.41,표준배출계수,2023-09-24,2026-09-23
179,2020-179,에이치디현대에너지솔루션(주),음성공장,HiS-S365RI-EEHA,HiS-S365RI-EEHA_827.59kgCO2,365,827.59,표준배출계수,2020-09-24,2023-09-23
180,2020-180,(주)신성이엔지,음성공장,SS-DM400PE,SS-DM400PE_669.24kgCO2,400,669.24,표준배출계수,2020-09-24,2022-02-25
181,2020-181,(주)신성이엔지,음성공장,SS-DM400PE,SS-DM400PE_742.25kgCO2,400,742.25,표준배출계수,2020-09-24,2022-02-25
182,2020-182,(주)신성이엔지,음성공장,SS-DM395PE,SS-DM395PE_751.65kgCO2,395,751.65,표준배출계수,2020-09-24,2022-02-25
183,2020-183,(주)신성이엔지,음성공장,SS-DM390PE,SS-DM390PE_761.28kgCO2,390,761.28,표준배출계수,2020-09-24,2022-02-25
184,2020-184,(주)에스에너지,(주)에스에너지 대전공장,SN325M-37,SN325M-37_668.23kgCO2,325,668.23,표준배출계수,2020-09-24,2023-09-23
185,2020-185,(주)에스에너지,(주)에스에너지 대전공장,SN395M-37,SN395M-37_668.40kgCO2,395,668.4,표준배출계수,2020-09-24,2023-09-23
186,2020-186,(주)에스에너지,(주)에스에너지 대전공장,SN25-78MAE-430S,SN25-78MAE-430S_667.14kgCO2,430,667.14,표준배출계수,2020-09-24,2023-09-23
187,2020-187,(주)탑선,장성공장,TOP CLASS 540D,TOP CLASS 540D_818.15kgCO2,540,818.15,표준배출계수,2020-12-02,2023-12-01
188,2020-188,(주)탑선,장성공장,TOP CLASS 545T,TOP CLASS 545T_812.48kgCO2,545,812.48,표준배출계수,2020-12-02,2023-12-01
189,2020-189,(주)탑선,장성공장,TOP CLASS 550D,TOP CLASS 550D_803.02kgCO2,550,803.02,표준배출계수,2020-12-02,2023-12-01
190,2020-190,에스디엔(주),광주첨단공장,Sdm315-BA-A1,Sdm315-BA-A1_815.76kgCO2,315,815.76,표준배출계수,2020-12-02,2023-12-01
191,2020-191,에스디엔(주),광주첨단공장,Sdm320-BA-A1,Sdm320-BA-A1_803.02kgCO2,320,803.02,표준배출계수,2020-12-02,2023-12-01
192,2020-192,에스디엔(주),광주첨단공장,Sdm315-PB-A2S,Sdm315-PB-A2S_811.62kgCO2,315,811.62,표준배출계수,2020-12-02,2023-12-01
193,2020-193,에스디엔(주),광주첨단공장,Sdm320-PB-A2S,Sdm320-PB-A2S_798.94kgCO2,320,798.94,표준배출계수,2020-12-02,2023-12-01
194,2020-194,에스디엔(주),광주첨단공장,Sdm325-PB-A2S,Sdm325-PB-A2S_786.65kgCO2,325,786.65,표준배출계수,2020-12-02,2023-12-01
195,2020-195,한솔에너지온,한솔에너지온 오창공장,HS440UE-AH3,HS440UE-AH3_760.86kgCO2,440,760.86,표준배출계수,2023-12-02,2026-12-01
196,2020-196,한솔에너지온,한솔에너지온 오창공장,HS430UE-AH2,HS430UE-AH2_754.98kgCO2,430,754.98,표준배출계수,2023-12-02,2026-12-01
197,2020-197,한솔에너지온,한솔에너지온 오창공장,HS400UD-AH2,HS400UD-AH2_751.07kgCO2,400,751.07,표준배출계수,2023-12-02,2026-12-01
198,2020-198,한솔에너지온,한솔에너지온 오창공장,HS410UD-HH2,HS410UD-HH2_735.11kgCO2,410,735.11,표준배출계수,2023-12-02,2026-12-01
199,2020-199,한화솔루션(주),음성 제2사업장,Q.PEAK DUO L-G8 405,Q.PEAK DUO L-G8 405_754.54kgCO2,405,754.54,표준배출계수,2020-12-02,2023-12-01
200,2020-200,한화솔루션(주),음성 제2사업장,Q.PEAK DUO L-G8 410,Q.PEAK DUO L-G8 410_745.34kgCO2,410,745.34,표준배출계수,2020-12-02,2023-12-01
201,2020-201,한화솔루션(주),음성 제2사업장,Q.PEAK DUO L-G8 415,Q.PEAK DUO L-G8 415_736.36kgCO2,415,736.36,표준배출계수,2020-12-02,2023-12-01
202,2020-202,한화솔루션(주),음성 제2사업장,Q.PEAK DUO L-G8 420,Q.PEAK DUO L-G8 420_727.60kgCO2,420,727.6,표준배출계수,2020-12-02,2023-12-01
203,2020-203,한화솔루션(주),음성 제2사업장,Q.PEAK DUO XL-G9.3 KR1 460,Q.PEAK DUO XL-G9.3 KR1 460_631.19kgCO2,460,631.19,표준배출계수,2023-12-02,2026-12-01
204,2020-204,한화솔루션(주),음성 제2사업장,Q.PEAK DUO XL-G9.3 KR1 460,Q.PEAK DUO XL-G9.3 KR1 460_648.75kgCO2,460,648.75,표준배출계수,2023-12-02,2026-12-01
205,2020-205,한화솔루션(주),음성 제2사업장,Q.PEAK DUO XL-G9.3 KR1 460,Q.PEAK DUO XL-G9.3 KR1 460_715.83kgCO2,460,715.83,표준배출계수,2023-12-02,2026-12-01
206,2020-206,한화솔루션(주),진천사업장,Q.PEAK DUO L-G6 405,Q.PEAK DUO L-G6 405_756.92kgCO2,405,756.92,표준배출계수,2020-12-02,2023-12-01
207,2020-207,한화솔루션(주),진천사업장,Q.PEAK DUO L-G6 410,Q.PEAK DUO L-G6 410_747.69kgCO2,410,747.69,표준배출계수,2020-12-02,2023-12-01
208,2020-208,한화솔루션(주),진천사업장,Q.PEAK DUO L-G6 415,Q.PEAK DUO L-G6 415_738.68kgCO2,415,738.68,표준배출계수,2020-12-02,2023-12-01
209,2020-209,한화솔루션(주),진천사업장,Q.PEAK DUO L-G6 420,Q.PEAK DUO L-G6 420_729.89kgCO2,420,729.89,표준배출계수,2020-12-02,2023-12-01
210,2020-210,한화솔루션(주),진천사업장,Q.PEAK DUO L-G6 KR2 430,Q.PEAK DUO L-G6 KR2 430_629.19kgCO2,430,629.19,표준배출계수,2023-12-02,2026-12-01
211,2020-211,한화솔루션(주),진천사업장,Q.PEAK DUO L-G6 KR2 430,Q.PEAK DUO L-G6 KR2 430_646.54kgCO2,430,646.54,표준배출계수,2023-12-02,2026-12-01
212,2020-212,한화솔루션(주),진천사업장,Q.PEAK DUO L-G6 KR2 430,Q.PEAK DUO L-G6 KR2 430_712.82kgCO2,430,712.82,표준배출계수,2023-12-02,2026-12-01
213,2020-213,한화솔루션(주),진천사업장,Q.PEAK DUO L-G6.4 KR2 430,Q.PEAK DUO L-G6.4 KR2 430_728.47kgCO2,430,728.47,표준배출계수,2023-12-02,2026-12-01
214,2020-214,한화솔루션(주),진천사업장,Q.PEAK DUO L-G6.7 430,Q.PEAK DUO L-G6.7 430_728.47kgCO2,430,728.47,표준배출계수,2020-12-02,2023-12-01
215,2020-215,엘지전자(주),구미 제3공장,LG425N2T-B5,LG425N2T-B5_758.97kgCO2,400,758.97,표준배출계수,2020-12-02,2023-12-01
216,2020-216,엘지전자(주),구미 제3공장,LG430N2T-B5,LG430N2T-B5_749.60kgCO2,405,749.6,표준배출계수,2020-12-02,2023-12-01
217,2020-217,엘지전자(주),구미 제3공장,LG435N2T-B5,LG435N2T-B5_740.45kgCO2,410,740.45,표준배출계수,2020-12-02,2023-12-01
218,2020-218,엘지전자(주),구미 제1공장,LG405S2W-U5,LG405S2W-U5_757.77kgCO2,405,757.77,표준배출계수,2020-12-02,2023-12-01
219,2020-219,에이치디현대에너지솔루션(주),음성공장,HiS-S415PJ,HiS-S415PJ_816.44kgCO2,415,816.44,표준배출계수,2020-12-02,2023-12-01
220,2020-220,에이치디현대에너지솔루션(주),음성공장,HiS-S420PJ,HiS-S420PJ_806.72kgCO2,420,806.72,표준배출계수,2023-12-02,2026-12-01
221,2020-221,에이치디현대에너지솔루션(주),음성공장,HiS-S425PJ,HiS-S425PJ_797.23kgCO2,425,797.23,표준배출계수,2023-12-02,2026-12-01
222,2020-222,에이치디현대에너지솔루션(주),음성공장,HiS-S430PJ,HiS-S430PJ_787.96kgCO2,430,787.96,표준배출계수,2023-12-02,2026-12-01
223,2020-223,에이치디현대에너지솔루션(주),음성공장,HiS-S435PJ,HiS-S435PJ_778.90kgCO2,435,778.9,표준배출계수,2020-12-02,2023-12-01
224,2020-224,에이치디현대에너지솔루션(주),음성공장,HiS-S440PJ,HiS-S440PJ_770.05kgCO2,440,770.05,표준배출계수,2020-12-02,2023-12-01
225,2020-225,에이치디현대에너지솔루션(주),음성공장,HiS-S415YI,HiS-S415YI_711.55kgCO2,415,711.55,표준배출계수,2020-12-02,2023-12-01
226,2020-226,에이치디현대에너지솔루션(주),음성공장,HiS-S420YI,HiS-S420YI_703.08kgCO2,420,703.08,표준배출계수,2020-12-02,2023-12-01
227,2020-227,에이치디현대에너지솔루션(주),음성공장,HiS-S425YI,HiS-S425YI_694.81kgCO2,425,694.81,표준배출계수,2020-12-02,2023-12-01
228,2020-228,에이치디현대에너지솔루션(주),음성공장,HiS-S430YI,HiS-S430YI_686.73kgCO2,430,686.73,표준배출계수,2023-12-02,2026-12-01
229,2020-229,에이치디현대에너지솔루션(주),음성공장,HiS-S435YI,HiS-S435YI_678.84kgCO2,435,678.84,표준배출계수,2023-12-02,2026-12-01
230,2020-230,에이치디현대에너지솔루션(주),음성공장,HiS-S440YI,HiS-S440YI_671.12kgCO2,440,671.12,표준배출계수,2020-12-02,2023-12-01
231,2020-231,한솔에너지온,한솔에너지온 오창공장,HS400UD-HH2,HS400UD-HH2_666.80kgCO2,400,666.8,표준배출계수,2023-12-02,2026-12-01
232,2020-232,한솔에너지온,한솔에너지온 오창공장,HS405UD-HH2,HS405UD-HH2_658.57kgCO2,405,658.57,표준배출계수,2023-12-02,2026-12-01
233,2020-233,한솔에너지온,한솔에너지온 오창공장,HS410UD-HH2,HS410UD-HH2_650.54kgCO2,410,650.54,표준배출계수,2023-12-02,2026-12-01
234,2020-234,에이치디현대에너지솔루션(주),음성공장,HiS-S445YI,HiS-S445YI_663.58kgCO2,445,663.58,표준배출계수,2020-12-07,2023-12-06
235,2020-235,에이치디현대에너지솔루션(주),음성공장,HiS-S450YI,HiS-S450YI_656.21kgCO2,450,656.21,표준배출계수,2020-12-07,2023-12-06
236,2021-236,(주)신성이엔지,김제공장,SS-DM430PJ,SS-DM430PJ_758.46kgCO2,430,758.46,표준배출계수,2021-01-15,2024-01-14
237,2021-237,(주)신성이엔지,김제공장,SS-DM435PJ,SS-DM435PJ_749.74kgCO2,435,749.74,표준배출계수,2021-01-15,2024-01-14
238,2021-238,(주)신성이엔지,김제공장,SS-DM440PJ,SS-DM440PJ_741.22kgCO2,440,741.22,표준배출계수,2021-01-15,2024-01-14
239,2021-239,(주)에스에너지,(주)에스에너지 대전공장,SN325M-37,SN325M-37_667.84kgCO2,325,667.84,표준배출계수,2021-02-26,2024-02-25
240,2021-240,(주)에스에너지,(주)에스에너지 대전공장,SN25-78MAE-430S,SN25-78MAE-430S_666.83kgCO2,430,666.83,표준배출계수,2021-02-26,2024-02-25
241,2021-241,(주)에스에너지,(주)에스에너지 대전공장,SN395M-37,SN395M-37_668.30kgCO2,395,668.3,표준배출계수,2021-02-26,2024-02-25
242,2021-242,(주)에스에너지,(주)에스에너지 대전공장,SN400M-37,SN400M-37_659.95kgCO2,400,659.95,표준배출계수,2021-02-26,2024-02-25
243,2021-243,한솔에너지온,한솔에너지온 오창공장,HS380UD-HH2,HS380UD-HH2_793.13kgCO2,380,793.13,표준배출계수,2021-02-26,2024-02-25
244,2021-244,한솔에너지온,한솔에너지온 오창공장,HS385UD-HH2,HS385UD-HH2_782.83kgCO2,385,782.83,표준배출계수,2021-02-26,2024-02-25
245,2021-245,한솔에너지온,한솔에너지온 오창공장,HS390UD-HH2,HS390UD-HH2_772.79kgCO2,390,772.79,표준배출계수,2021-02-26,2024-02-25
246,2021-246,한솔에너지온,한솔에너지온 오창공장,HS395UD-HH2,HS395UD-HH2_763.01kgCO2,395,763.01,표준배출계수,2021-02-26,2024-02-25
247,2021-247,한솔에너지온,한솔에너지온 오창공장,HS400UD-HH2,HS400UD-HH2_753.47kgCO2,400,753.47,표준배출계수,2021-02-26,2024-02-25
248,2021-248,한솔에너지온,한솔에너지온 오창공장,HS405UD-HH2,HS405UD-HH2_744.17kgCO2,405,744.17,표준배출계수,2021-02-26,2024-02-25
249,2021-249,한솔에너지온,한솔에너지온 오창공장,HS410UD-HH2,HS410UD-HH2_735.09kgCO2,410,735.09,표준배출계수,2021-02-26,2024-02-25
250,2021-250,한솔에너지온,한솔에너지온 오창공장,HS380UD-THB,HS380UD-THB_796.23kgCO2,380,796.23,표준배출계수,2021-02-26,2024-02-25
251,2021-251,한솔에너지온,한솔에너지온 오창공장,HS385UD-THB,HS385UD-THB_785.89kgCO2,385,785.89,표준배출계수,2021-02-26,2024-02-25
252,2021-252,한솔에너지온,한솔에너지온 오창공장,HS390UD-THB,HS390UD-THB_775.81kgCO2,390,775.81,표준배출계수,2021-02-26,2024-02-25
253,2021-253,한솔에너지온,한솔에너지온 오창공장,HS395UD-THB,HS395UD-THB_765.99kgCO2,395,765.99,표준배출계수,2021-02-26,2024-02-25
254,2021-254,한솔에너지온,한솔에너지온 오창공장,HS400UD-THB,HS400UD-THB_756.41kgCO2,400,756.41,표준배출계수,2023-12-21,2026-12-20
255,2021-255,한솔에너지온,한솔에너지온 오창공장,HS465WE-HH4,HS465WE-HH4_758.15kgCO2,465,758.15,표준배출계수,2021-02-26,2024-02-25
256,2021-256,한솔에너지온,한솔에너지온 오창공장,HS470WE-HH4,HS470WE-HH4_750.09kgCO2,470,750.09,표준배출계수,2023-12-21,2026-12-20
257,2021-257,한솔에너지온,한솔에너지온 오창공장,HS475WE-HH4,HS475WE-HH4_742.19kgCO2,475,742.19,표준배출계수,2023-12-21,2026-12-20
258,2021-258,한솔에너지온,한솔에너지온 오창공장,HS480WE-HH4,HS480WE-HH4_734.46kgCO2,480,734.46,표준배출계수,2023-12-21,2026-12-20
259,2021-259,한솔에너지온,한솔에너지온 오창공장,HS485WE-HH4,HS485WE-HH4_726.89kgCO2,485,726.89,표준배출계수,2023-12-21,2026-12-20
260,2021-260,에스디엔(주),광주첨단공장,Sdm335-BA-A2S,Sdm335-BA-A2S_783.28kgCO2,335,783.28,표준배출계수,2021-02-26,2024-02-25
261,2021-261,에스디엔(주),광주첨단공장,Sdm330-BA-A2S,Sdm330-BA-A2S_795.15kgCO2,330,795.15,표준배출계수,2021-02-26,2024-02-25
262,2021-262,에스디엔(주),광주첨단공장,Sdm325-BA-A2S,Sdm325-BA-A2S_807.38kgCO2,325,807.38,표준배출계수,2021-02-26,2024-02-25
263,2021-263,에스디엔(주),광주첨단공장,Sdm320-BA-A2S,Sdm320-BA-A2S_820.00kgCO2,320,820,표준배출계수,2021-02-26,2024-02-25
264,2021-264,(주)신성이엔지,김제공장,SS-DM445PJ,SS-DM445PJ_732.89kgCO2,445,732.89,표준배출계수,2021-02-26,2024-02-25
265,2021-265,(주)신성이엔지,김제공장,SS-DM450PJ,SS-DM450PJ_724.75kgCO2,450,724.75,표준배출계수,2021-02-26,2024-02-25
266,2021-266,(주)솔라파크코리아,완주공장,SPP 430 LCHD G1.W,SPP 430 LCHD G1.W_832.04kgCO2,430,832.04,표준배출계수,2021-02-26,2024-02-25
267,2021-267,(주)솔라파크코리아,완주공장,SPP 435 LCHD G1.W,SPP 435 LCHD G1.W_822.48kgCO2,435,822.48,표준배출계수,2021-02-26,2024-02-25
268,2021-268,(주)솔라파크코리아,완주공장,SPP 440 LCHD G1.W,SPP 440 LCHD G1.W_813.13kgCO2,440,813.13,표준배출계수,2021-02-26,2024-02-25
269,2021-269,에이치디현대에너지솔루션(주),음성공장,HiS-S425YI,HiS-S425YI_813.72kgCO2,425,813.72,표준배출계수,2021-02-26,2024-02-25
270,2021-270,에이치디현대에너지솔루션(주),음성공장,HiS-S430YI,HiS-S430YI_804.26kgCO2,430,804.26,표준배출계수,2021-02-26,2024-02-25
271,2021-271,에이치디현대에너지솔루션(주),음성공장,HiS-S435YI,HiS-S435YI_795.02kgCO2,435,795.02,표준배출계수,2021-02-26,2024-02-25
272,2021-272,에이치디현대에너지솔루션(주),음성공장,HiS-S440YI,HiS-S440YI_785.98kgCO2,440,785.98,표준배출계수,2021-02-26,2024-02-25
273,2021-273,에이치디현대에너지솔루션(주),음성공장,HiS-S445YI,HiS-S445YI_777.15kgCO2,445,777.15,표준배출계수,2021-02-26,2024-02-25
274,2021-274,에이치디현대에너지솔루션(주),음성공장,HiS-S450YI,HiS-S450YI_768.51kgCO2,450,768.51,표준배출계수,2021-02-26,2024-02-25
275,2021-275,에이치디현대에너지솔루션(주),음성공장,HiS-S440YI,HiS-S440YI_669.89kgCO2,440,669.89,표준배출계수,2021-02-26,2024-02-25
276,2021-276,에이치디현대에너지솔루션(주),음성공장,HiS-S425YI-OC,HiS-S425YI-OC_797.12kgCO2,425,797.12,표준배출계수,2021-02-26,2024-02-25
277,2021-277,에이치디현대에너지솔루션(주),음성공장,HiS-S430YI-OC,HiS-S430YI-OC_787.85kgCO2,430,787.85,표준배출계수,2021-02-26,2024-02-25
278,2021-278,에이치디현대에너지솔루션(주),음성공장,HiS-S435YI-OC,HiS-S435YI-OC_778.79kgCO2,435,778.79,표준배출계수,2021-02-26,2024-02-25
279,2021-279,에이치디현대에너지솔루션(주),음성공장,HiS-S440YI-OC,HiS-S440YI-OC_769.94kgCO2,440,769.94,표준배출계수,2021-02-26,2024-02-25
280,2021-280,에이치디현대에너지솔루션(주),음성공장,HiS-S445YI-OC,HiS-S445YI-OC_761.29kgCO2,445,761.29,표준배출계수,2021-02-26,2024-02-25
281,2021-281,에이치디현대에너지솔루션(주),음성공장,HiS-S450YI-OC,HiS-S450YI-OC_752.83kgCO2,450,752.83,표준배출계수,2021-02-26,2024-02-25
282,2021-282,에이치디현대에너지솔루션(주),음성공장,HiS-S425YI-OC,HiS-S425YI-OC_676.93kgCO2,425,676.93,표준배출계수,2021-02-26,2024-02-25
283,2021-283,에이치디현대에너지솔루션(주),음성공장,HiS-S430YI-OC,HiS-S430YI-OC_669.05kgCO2,430,669.05,표준배출계수,2023-12-21,2026-12-20
284,2021-284,에이치디현대에너지솔루션(주),음성공장,HiS-S435YI-OC,HiS-S435YI-OC_661.36kgCO2,435,661.36,표준배출계수,2023-12-21,2026-12-20
285,2021-285,에이치디현대에너지솔루션(주),음성공장,HiS-S440YI-OC,HiS-S440YI-OC_653.85kgCO2,440,653.85,표준배출계수,2021-02-26,2024-02-25
286,2021-286,에이치디현대에너지솔루션(주),음성공장,HiS-S445YI-OC,HiS-S445YI-OC_646.50kgCO2,445,646.5,표준배출계수,2021-02-26,2024-02-25
287,2021-287,에이치디현대에너지솔루션(주),음성공장,HiS-S450YI-OC,HiS-S450YI-OC_639.32kgCO2,450,639.32,표준배출계수,2021-02-26,2024-02-25
288,2021-288,에이치디현대에너지솔루션(주),음성공장,HiS-S420EI,HiS-S420EI_822.93kgCO2,420,822.93,표준배출계수,2021-02-26,2024-02-25
289,2021-289,에이치디현대에너지솔루션(주),음성공장,HiS-S425EI,HiS-S425EI_813.25kgCO2,425,813.25,표준배출계수,2021-02-26,2024-02-25
290,2021-290,에이치디현대에너지솔루션(주),음성공장,HiS-S430EI,HiS-S430EI_803.79kgCO2,430,803.79,표준배출계수,2021-02-26,2024-02-25
291,2021-291,에이치디현대에너지솔루션(주),음성공장,HiS-S435EI,HiS-S435EI_794.55kgCO2,435,794.55,표준배출계수,2021-02-26,2024-02-25
292,2021-292,에이치디현대에너지솔루션(주),음성공장,HiS-S440EI,HiS-S440EI_785.53kgCO2,440,785.53,표준배출계수,2021-02-26,2024-02-25
293,2021-293,쏠라리버(주),인천공장,SR72RH375C CYMO,SR72RH375C CYMO_816.65kgCO2,375,816.65,표준배출계수,2021-02-26,2024-02-25
294,2021-294,쏠라리버(주),인천공장,SR72RH385C CYMO,SR72RH385C CYMO_813.59kgCO2,385,813.59,표준배출계수,2021-02-26,2024-02-25
295,2021-295,한화솔루션(주),진천사업장,Q.PEAK DUO L-G6.2 KR1 410,Q.PEAK DUO L-G6.2 KR1 410_671.16kgCO2,410,671.16,표준배출계수,2021-02-26,2024-02-25
296,2021-296,한화솔루션(주),진천사업장,Q.PEAK DUO L-G6.2 KR1 415,Q.PEAK DUO L-G6.2 KR1 415_663.07kgCO2,415,663.07,표준배출계수,2021-02-26,2024-02-25
297,2021-297,한화솔루션(주),진천사업장,Q.PEAK DUO L-G6.2 KR1 420,Q.PEAK DUO L-G6.2 KR1 420_655.18kgCO2,420,655.18,표준배출계수,2021-02-26,2024-02-25
298,2021-298,한화솔루션(주),진천사업장,Q.PEAK DUO L-G6.2 KR1 410,Q.PEAK DUO L-G6.2 KR1 410_758.86kgCO2,410,758.86,표준배출계수,2021-02-26,2024-02-25
299,2021-299,한화솔루션(주),진천사업장,Q.PEAK DUO L-G6.2 KR1 415,Q.PEAK DUO L-G6.2 KR1 415_749.72kgCO2,415,749.72,표준배출계수,2021-02-26,2024-02-25
300,2021-300,한화솔루션(주),진천사업장,Q.PEAK DUO L-G6.2 KR1 420,Q.PEAK DUO L-G6.2 KR1 420_740.80kgCO2,420,740.8,표준배출계수,2021-02-26,2024-02-25
301,2021-301,한화솔루션(주),진천사업장,Q.PEAK DUO L-G6.3 415,Q.PEAK DUO L-G6.3 415_645.96kgCO2,415,645.96,표준배출계수,2021-02-26,2024-02-25
302,2021-302,한화솔루션(주),진천사업장,Q.PEAK DUO L-G6.3 420,Q.PEAK DUO L-G6.3 420_638.27kgCO2,420,638.27,표준배출계수,2021-02-26,2024-02-25
303,2021-303,한화솔루션(주),진천사업장,Q.PEAK DUO L-G6.3 425,Q.PEAK DUO L-G6.3 425_630.76kgCO2,425,630.76,표준배출계수,2021-02-26,2024-02-25
304,2021-304,한화솔루션(주),진천사업장,Q.PEAK DUO L-G6.3 430,Q.PEAK DUO L-G6.3 430_623.43kgCO2,430,623.43,표준배출계수,2021-02-26,2024-02-25
305,2021-305,한화솔루션(주),진천사업장,Q.PEAK DUO L-G6.3 415,Q.PEAK DUO L-G6.3 415_732.62kgCO2,415,732.62,표준배출계수,2021-02-26,2024-02-25
306,2021-306,한화솔루션(주),진천사업장,Q.PEAK DUO L-G6.3 420,Q.PEAK DUO L-G6.3 420_723.89kgCO2,420,723.89,표준배출계수,2021-02-26,2024-02-25
307,2021-307,한화솔루션(주),진천사업장,Q.PEAK DUO L-G6.3 425,Q.PEAK DUO L-G6.3 425_715.38kgCO2,425,715.38,표준배출계수,2021-02-26,2024-02-25
308,2021-308,한화솔루션(주),진천사업장,Q.PEAK DUO L-G6.3 430,Q.PEAK DUO L-G6.3 430_707.06kgCO2,430,707.06,표준배출계수,2021-02-26,2024-02-25
309,2021-309,한화솔루션(주),음성 제2사업장,Q.PEAK DUO XL-G9.2 KR1 445,Q.PEAK DUO XL-G9.2 KR1 445_667.67kgCO2,445,667.67,표준배출계수,2021-02-26,2024-02-25
310,2021-310,한화솔루션(주),음성 제2사업장,Q.PEAK DUO XL-G9.2 KR1 450,Q.PEAK DUO XL-G9.2 KR1 450_660.25kgCO2,450,660.25,표준배출계수,2021-02-26,2024-02-25
311,2021-311,한화솔루션(주),음성 제2사업장,Q.PEAK DUO XL-G9.2 KR1 455,Q.PEAK DUO XL-G9.2 KR1 455_652.99kgCO2,455,652.99,표준배출계수,2021-02-26,2024-02-25
312,2021-312,한화솔루션(주),음성 제2사업장,Q.PEAK DUO XL-G9.2 KR1 445,Q.PEAK DUO XL-G9.2 KR1 445_755.17kgCO2,445,755.17,표준배출계수,2021-02-26,2024-02-25
313,2021-313,한화솔루션(주),음성 제2사업장,Q.PEAK DUO XL-G9.2 KR1 450,Q.PEAK DUO XL-G9.2 KR1 450_746.77kgCO2,450,746.77,표준배출계수,2021-02-26,2024-02-25
314,2021-314,한화솔루션(주),음성 제2사업장,Q.PEAK DUO XL-G9.2 KR1 455,Q.PEAK DUO XL-G9.2 KR1 455_738.57kgCO2,455,738.57,표준배출계수,2021-02-26,2024-02-25
315,2021-315,한화솔루션(주),음성 제2사업장,Q.PEAK DUO XL-G9.3/BFG 445,Q.PEAK DUO XL-G9.3/BFG 445_652.03kgCO2,445,652.03,표준배출계수,2023-12-21,2026-12-20
316,2021-316,한화솔루션(주),음성 제2사업장,Q.PEAK DUO XL-G9.3/BFG 450,Q.PEAK DUO XL-G9.3/BFG 450_644.79kgCO2,450,644.79,표준배출계수,2023-12-21,2026-12-20
317,2021-317,한화솔루션(주),음성 제2사업장,Q.PEAK DUO XL-G9.3/BFG 455,Q.PEAK DUO XL-G9.3/BFG 455_637.70kgCO2,455,637.7,표준배출계수,2023-12-21,2026-12-20
318,2021-318,한화솔루션(주),음성 제2사업장,Q.PEAK DUO XL-G9.3/BFG 445,Q.PEAK DUO XL-G9.3/BFG 445_739.53kgCO2,445,739.53,표준배출계수,2023-12-21,2026-12-20
319,2021-319,한화솔루션(주),음성 제2사업장,Q.PEAK DUO XL-G9.3/BFG 450,Q.PEAK DUO XL-G9.3/BFG 450_731.32kgCO2,450,731.32,표준배출계수,2023-12-21,2026-12-20
320,2021-320,한화솔루션(주),음성 제2사업장,Q.PEAK DUO XL-G9.3/BFG 455,Q.PEAK DUO XL-G9.3/BFG 455_723.28kgCO2,455,723.28,표준배출계수,2023-12-21,2026-12-20
321,2021-321,한화솔루션(주),음성 제2사업장,Q.PEAK DUO XL-G10.3 KR1 470,Q.PEAK DUO XL-G10.3 KR1 470_642.02kgCO2,470,642.02,표준배출계수,2021-02-26,2024-02-25
322,2021-322,한화솔루션(주),음성 제2사업장,Q.PEAK DUO XL-G10.3 KR1 475,Q.PEAK DUO XL-G10.3 KR1 475_635.26kgCO2,475,635.26,표준배출계수,2021-02-26,2024-02-25
323,2021-323,한화솔루션(주),음성 제2사업장,Q.PEAK DUO XL-G10.3 KR1 480,Q.PEAK DUO XL-G10.3 KR1 480_628.65kgCO2,480,628.65,표준배출계수,2021-02-26,2024-02-25
324,2021-324,한화솔루션(주),음성 제2사업장,Q.PEAK DUO XL-G10.3 KR1 470,Q.PEAK DUO XL-G10.3 KR1 470_729.04kgCO2,470,729.04,표준배출계수,2023-12-21,2026-12-20
325,2021-325,한화솔루션(주),음성 제2사업장,Q.PEAK DUO XL-G10.3 KR1 475,Q.PEAK DUO XL-G10.3 KR1 475_721.37kgCO2,475,721.37,표준배출계수,2023-12-21,2026-12-20
326,2021-326,한화솔루션(주),음성 제2사업장,Q.PEAK DUO XL-G10.3 KR1 480,Q.PEAK DUO XL-G10.3 KR1 480_713.85kgCO2,480,713.85,표준배출계수,2023-12-21,2026-12-20
327,2021-327,엘지전자(주),구미 제3공장,LG445N2W-E6,LG445N2W-E6_641.6kgCO2,445,641.6,표준배출계수,2021-04-02,2024-04-01
328,2021-328,엘지전자(주),구미 제3공장,LG450N2W-E6,LG450N2W-E6_634.47kgCO2,450,634.47,표준배출계수,2021-04-02,2024-04-01
329,2021-329,엘지전자(주),구미 제3공장,LG455N2W-E6,LG455N2W-E6_627.49kgCO2,455,627.49,표준배출계수,2021-04-02,2024-04-01
330,2021-330,엘지전자(주),구미 제3공장,LG440S2W-U6.DKC,LG440S2W-U6.DKC_720.84_kgCO2,440,720.84,표준배출계수,2021-04-02,2024-04-01
331,2021-331,엘지전자(주),구미 제3공장,LG445S2W-U6.DKC,LG445S2W-U6.DKC_712.74_kgCO2,445,712.74,표준배출계수,2021-04-02,2024-04-01
332,2021-332,엘지전자(주),구미 제3공장,LG450S2W-U6.DKC,LG450S2W-U6.DKC_704.82_kgCO2,450,704.82,표준배출계수,2021-04-02,2024-04-01
333,2021-333,엘지전자(주),구미 제3공장,LG450S2W-U6.DK5,LG450S2W-U6.DK5_747.70kgCO2,450,747.7,표준배출계수,2021-04-02,2024-04-01
334,2021-334,(주)신성이엔지,김제공장,SS-DM430PI,SS-DM430PI_765.39kgCO2,430,765.39,표준배출계수,2021-04-02,2024-04-01
335,2021-335,(주)신성이엔지,김제공장,SS-DM435PI,SS-DM435PI_756.59kgCO2,435,756.59,표준배출계수,2021-04-02,2024-04-01
336,2021-336,(주)신성이엔지,김제공장,SS-DM440PI,SS-DM440PI_748.00kgCO2,440,748,표준배출계수,2021-04-02,2024-04-01
337,2021-337,(주)신성이엔지,김제공장,SS-DM445PI,SS-DM445PI_739.59kgCO2,445,739.59,표준배출계수,2021-04-02,2024-04-01
338,2021-338,(주)신성이엔지,김제공장,SS-DM450PI,SS-DM450PI_731.37kgCO2,450,731.37,표준배출계수,2021-04-02,2024-04-01
339,2021-339,(주)에스에너지,(주)에스에너지 대전공장,SN330M-37,SN330M-37_657.85_kgCO2,330,657.85,표준배출계수,2021-04-02,2024-04-01
340,2021-340,(주)이에스,천안공장,PVM S370P5BR1,PVM S370P5BR1_838.06_kgCO2,370,838.06,표준배출계수,2021-04-02,2024-04-01
341,2021-341,(주)이에스,천안공장,PVM S375P5B,PVM S375P5B_826.88_kgCO2,375,826.88,표준배출계수,2021-04-02,2024-04-01
342,2021-342,(주)이에스,천안공장,PVM S390P5B,PVM S390P5B_811.33_kgCO2,390,811.33,표준배출계수,2021-04-02,2024-04-01
343,2021-343,한솔에너지온,한솔에너지온 오창공장,HS400UD-GHB,HS400UD-GHB_762.91_kgCO2,400,762.91,표준배출계수,2021-04-02,2024-04-01
344,2021-344,한솔에너지온,한솔에너지온 오창공장,HS405UD-GHB,HS405UD-GHB_753.49_kgCO2,405,753.49,표준배출계수,2021-04-02,2024-04-01
345,2021-345,한솔에너지온,한솔에너지온 오창공장,HS410UD-GHB,HS410UD-GHB_744.30kgCO2,410,744.3,표준배출계수,2021-04-02,2024-04-01
346,2021-346,한솔에너지온,한솔에너지온 오창공장,HS425UE-WH3,HS425UE-WH3_792.89_kgCO2,425,792.89,표준배출계수,2021-04-02,2024-04-01
347,2021-347,한솔에너지온,한솔에너지온 오창공장,HS430UE-WH3,HS430UE-WH3_783.67_kgCO2,430,783.67,표준배출계수,2021-04-02,2024-04-01
348,2021-348,한솔에너지온,한솔에너지온 오창공장,HS435UE-WH3,HS435UE-WH3_774.66kgCO2,435,774.66,표준배출계수,2024-04-29,2027-04-28
349,2021-349,한솔에너지온,한솔에너지온 오창공장,HS475WE-GHD,HS475WE-GHD_749.05kgCO2,475,749.05,표준배출계수,2024-04-29,2027-04-28
350,2021-350,한솔에너지온,한솔에너지온 오창공장,HS480WE-GHD,HS480WE-GHD_741.25kgCO2,480,741.25,표준배출계수,2024-04-29,2027-04-28
351,2021-351,한솔에너지온,한솔에너지온 오창공장,HS485WE-GHD,HS485WE-GHD_733.61kgCO2,485,733.61,표준배출계수,2024-04-29,2027-04-28
352,2021-352,한솔에너지온,한솔에너지온 오창공장,HS465WE-THD,HS465WE-THD_762.08_kgCO2,465,762.08,표준배출계수,2021-04-02,2024-04-01
353,2021-353,한솔에너지온,한솔에너지온 오창공장,HS470WE-THD,HS470WE-THD_753.97_kgCO2,470,753.97,표준배출계수,2021-04-02,2024-04-01
354,2021-354,한솔에너지온,한솔에너지온 오창공장,HS475WE-THD,HS475WE-THD_746.04_kgCO2,475,746.04,표준배출계수,2021-04-02,2024-04-01
355,2021-355,한솔에너지온,한솔에너지온 오창공장,HS365UC-HH2,HS365UC-HH2_759.91_kgCO2,365,759.91,표준배출계수,2021-04-02,2024-04-01
356,2021-356,한솔에너지온,한솔에너지온 오창공장,HS370UC-HH2,HS370UC-HH2_749.64_kgCO2,370,749.64,표준배출계수,2021-04-02,2024-04-01
357,2021-357,한솔에너지온,한솔에너지온 오창공장,HS375UC-HH2,HS375UC-HH2_739.65kgCO2,375,739.65,표준배출계수,2024-04-29,2027-04-28
358,2021-358,엘지전자(주),구미 제3공장,LG465N2T-E6.DK5,LG465N2T-E6.DK5_727.59kgCO2,435,727.59,표준배출계수,2021-05-25,2024-05-24
359,2021-359,엘지전자(주),구미 제3공장,LG460N2T-E6.DK5,LG460N2T-E6.DK5_736.05kgCO2,430,736.05,표준배출계수,2021-05-25,2024-05-24
360,2021-360,한솔에너지온,한솔에너지온 오창공장,HS470WE-HH4,HS470WE-HH4_664.72kgCO2,470,664.72,표준배출계수,2021-05-25,2024-05-24
361,2021-361,한솔에너지온,한솔에너지온 오창공장,HS475WE-HH4,HS475WE-HH4_657.72kgCO2,475,657.72,표준배출계수,2024-05-25,2027-05-24
362,2021-362,한솔에너지온,한솔에너지온 오창공장,HS480WE-HH4,HS480WE-HH4_650.87kgCO2,480,650.87,표준배출계수,2024-05-25,2027-05-24
363,2021-363,한솔에너지온,한솔에너지온 오창공장,HS485WE-HH4,HS485WE-HH4_644.16kgCO2,485,644.16,표준배출계수,2024-05-25,2027-05-24
364,2021-364,한솔에너지온,한솔에너지온 오창공장,HS475WE-GHD,HS475WE-GHD_664.58kgCO2,475,664.58,표준배출계수,2024-05-25,2027-05-24
365,2021-365,한솔에너지온,한솔에너지온 오창공장,HS480WE-GHD,HS480WE-GHD_657.66kgCO2,480,657.66,표준배출계수,2024-05-25,2027-05-24
366,2021-366,한솔에너지온,한솔에너지온 오창공장,HS485WE-GHD,HS485WE-GHD_650.88kgCO2,485,650.88,표준배출계수,2024-05-25,2027-05-24
367,2021-367,한솔에너지온,한솔에너지온 오창공장,HS440UE-WH3,HS440UE-WH3_765.86kgCO2,440,765.86,표준배출계수,2024-05-25,2027-05-24
368,2021-368,한솔에너지온,한솔에너지온 오창공장,HS445UE-AH3,HS445UE-AH3_752.31kgCO2,445,752.31,표준배출계수,2021-05-25,2024-05-24
369,2021-369,에이치디현대에너지솔루션(주),음성공장,HiS-S425YI,HiS-S425YI_803.72kgCO2,425,803.72,표준배출계수,2021-05-25,2024-05-24
370,2021-370,에이치디현대에너지솔루션(주),음성공장,HiS-S430YI,HiS-S430YI_794.38kgCO2,430,794.38,표준배출계수,2021-05-25,2024-05-24
371,2021-371,에이치디현대에너지솔루션(주),음성공장,HiS-S435YI,HiS-S435YI_785.25kgCO2,435,785.25,표준배출계수,2021-05-25,2024-05-24
372,2021-372,에이치디현대에너지솔루션(주),음성공장,HiS-S440YI,HiS-S440YI_776.32kgCO2,440,776.32,표준배출계수,2021-05-25,2024-05-24
373,2021-373,에이치디현대에너지솔루션(주),음성공장,HiS-S445YI,HiS-S445YI_767.60kgCO2,445,767.6,표준배출계수,2021-05-25,2024-05-24
374,2021-374,에이치디현대에너지솔루션(주),음성공장,HiS-S450YI,HiS-S450YI_759.07kgCO2,450,759.07,표준배출계수,2021-05-25,2024-05-24
375,2021-375,에이치디현대에너지솔루션(주),음성공장,HiS-S425YI-OC,HiS-S425YI-OC_787.12kgCO2,425,787.12,표준배출계수,2021-05-25,2024-05-24
376,2021-376,에이치디현대에너지솔루션(주),음성공장,HiS-S430YI-OC,HiS-S430YI-OC_777.97kgCO2,430,777.97,표준배출계수,2021-05-25,2024-05-24
377,2021-377,에이치디현대에너지솔루션(주),음성공장,HiS-S435YI-OC,HiS-S435YI-OC_769.03kgCO2,435,769.03,표준배출계수,2021-05-25,2024-05-24
378,2021-378,에이치디현대에너지솔루션(주),음성공장,HiS-S440YI-OC,HiS-S440YI-OC_760.29kgCO2,440,760.29,표준배출계수,2021-05-25,2024-05-24
379,2021-379,에이치디현대에너지솔루션(주),음성공장,HiS-S445YI-OC,HiS-S445YI-OC_751.74kgCO2,445,751.74,표준배출계수,2021-05-25,2024-05-24
380,2021-380,에이치디현대에너지솔루션(주),음성공장,HiS-S450YI-OC,HiS-S450YI-OC_743.39kgCO2,450,743.39,표준배출계수,2021-05-25,2024-05-24
381,2021-381,에이치디현대에너지솔루션(주),음성공장,HiS-S450YI-EN,HiS-S450YI-EN_779.64kgCO2,450,779.64,표준배출계수,2021-05-25,2024-05-24
382,2021-382,에이치디현대에너지솔루션(주),음성공장,HiS-S445YI-EN,HiS-S445YI-EN_788.40kgCO2,445,788.4,표준배출계수,2021-05-25,2024-05-24
383,2021-383,에이치디현대에너지솔루션(주),음성공장,HiS-S440YI-EN,HiS-S440YI-EN_797.35kgCO2,440,797.35,표준배출계수,2021-05-25,2024-05-24
384,2021-384,에이치디현대에너지솔루션(주),음성공장,HiS-S435YI-EN,HiS-S435YI-EN_806.52kgCO2,435,806.52,표준배출계수,2021-05-25,2024-05-24
385,2021-385,에이치디현대에너지솔루션(주),음성공장,HiS-S430YI-EN,HiS-S430YI-EN_815.90kgCO2,430,815.9,표준배출계수,2021-05-25,2024-05-24
386,2021-386,에이치디현대에너지솔루션(주),음성공장,HiS-S425YI-EN,HiS-S425YI-EN_825.50kgCO2,425,825.5,표준배출계수,2021-05-25,2024-05-24
387,2021-387,에이치디현대에너지솔루션(주),음성공장,HiS-S425YI-EN,HiS-S425YI-EN_694.81kgCO2,425,694.81,표준배출계수,2021-05-25,2024-05-24
388,2021-388,에이치디현대에너지솔루션(주),음성공장,HiS-S430YI-EN,HiS-S430YI-EN_686.73kgCO2,430,686.73,표준배출계수,2021-05-25,2024-05-24
389,2021-389,에이치디현대에너지솔루션(주),음성공장,HiS-S435YI-EN,HiS-S435YI-EN_678.84kgCO2,435,678.84,표준배출계수,2021-05-25,2024-05-24
390,2021-390,에이치디현대에너지솔루션(주),음성공장,HiS-S440YI-EN,HiS-S440YI-EN_671.12kgCO2,440,671.12,표준배출계수,2021-05-25,2024-05-24
391,2021-391,에이치디현대에너지솔루션(주),음성공장,HiS-S445YI-EN,HiS-S445YI-EN_663.58kgCO2,445,663.58,표준배출계수,2021-05-25,2024-05-24
392,2021-392,에이치디현대에너지솔루션(주),음성공장,HiS-S450YI-EN,HiS-S450YI-EN_656.21kgCO2,450,656.21,표준배출계수,2021-05-25,2024-05-24
393,2021-393,에이치디현대에너지솔루션(주),음성공장,HiS-S425YI-EN,HiS-S425YI-EN_813.72kgCO2,425,813.72,표준배출계수,2021-05-25,2024-05-24
394,2021-394,에이치디현대에너지솔루션(주),음성공장,HiS-S430YI-EN,HiS-S430YI-EN_804.26kgCO2,430,804.26,표준배출계수,2021-05-25,2024-05-24
395,2021-395,에이치디현대에너지솔루션(주),음성공장,HiS-S435YI-EN,HiS-S435YI-EN_795.02kgCO2,435,795.02,표준배출계수,2021-05-25,2024-05-24
396,2021-396,에이치디현대에너지솔루션(주),음성공장,HiS-S440YI-EN,HiS-S440YI-EN_785.98kgCO2,440,785.98,표준배출계수,2021-05-25,2024-05-24
397,2021-397,에이치디현대에너지솔루션(주),음성공장,HiS-S445YI-EN,HiS-S445YI-EN_777.15kgCO2,445,777.15,표준배출계수,2021-05-25,2024-05-24
398,2021-398,에이치디현대에너지솔루션(주),음성공장,HiS-S450YI-EN,HiS-S450YI-EN_768.51kgCO2,450,768.51,표준배출계수,2021-05-25,2024-05-24
399,2021-399,에이치디현대에너지솔루션(주),음성공장,HiS-S440YI-EN,HiS-S440YI-EN_669.89kgCO2,440,669.89,표준배출계수,2021-05-25,2024-05-24
400,2021-400,에이치디현대에너지솔루션(주),음성공장,HiS-S425YI-ON,HiS-S425YI-ON_797.12kgCO2,425,797.12,표준배출계수,2021-05-25,2024-05-24
401,2021-401,에이치디현대에너지솔루션(주),음성공장,HiS-S430YI-ON,HiS-S430YI-ON_787.85kgCO2,430,787.85,표준배출계수,2021-05-25,2024-05-24
402,2021-402,에이치디현대에너지솔루션(주),음성공장,HiS-S435YI-ON,HiS-S435YI-ON_778.79kgCO2,435,778.79,표준배출계수,2021-05-25,2024-05-24
403,2021-403,에이치디현대에너지솔루션(주),음성공장,HiS-S440YI-ON,HiS-S440YI-ON_769.94kgCO2,440,769.94,표준배출계수,2021-05-25,2024-05-24
404,2021-404,에이치디현대에너지솔루션(주),음성공장,HiS-S445YI-ON,HiS-S445YI-ON_761.29kgCO2,445,761.29,표준배출계수,2021-05-25,2024-05-24
405,2021-405,에이치디현대에너지솔루션(주),음성공장,HiS-S450YI-ON,HiS-S450YI-ON_752.83kgCO2,450,752.83,표준배출계수,2021-05-25,2024-05-24
406,2021-406,에이치디현대에너지솔루션(주),음성공장,HiS-S425YI-ON,HiS-S425YI-ON_676.93kgCO2,425,676.93,표준배출계수,2021-05-25,2024-05-24
407,2021-407,에이치디현대에너지솔루션(주),음성공장,HiS-S430YI-ON,HiS-S430YI-ON_669.05kgCO2,430,669.05,표준배출계수,2024-05-25,2027-05-24
408,2021-408,에이치디현대에너지솔루션(주),음성공장,HiS-S435YI-ON,HiS-S435YI-ON_661.36kgCO2,435,661.36,표준배출계수,2024-05-25,2027-05-24
409,2021-409,에이치디현대에너지솔루션(주),음성공장,HiS-S440YI-ON,HiS-S440YI-ON_653.85kgCO2,440,653.85,표준배출계수,2021-05-25,2024-05-24
410,2021-410,에이치디현대에너지솔루션(주),음성공장,HiS-S445YI-ON,HiS-S445YI-ON_646.50kgCO2,445,646.5,표준배출계수,2021-05-25,2024-05-24
411,2021-411,에이치디현대에너지솔루션(주),음성공장,HiS-S450YI-ON,HiS-S450YI-ON_639.32kgCO2,450,639.32,표준배출계수,2021-05-25,2024-05-24
412,2021-412,에이치디현대에너지솔루션(주),음성공장,HiS-S425YI-EN,HiS-S425YI-EN_803.72kgCO2,425,803.72,표준배출계수,2021-05-25,2024-05-24
413,2021-413,에이치디현대에너지솔루션(주),음성공장,HiS-S430YI-EN,HiS-S430YI-EN_794.38kgCO2,430,794.38,표준배출계수,2021-05-25,2024-05-24
414,2021-414,에이치디현대에너지솔루션(주),음성공장,HiS-S435YI-EN,HiS-S435YI-EN_785.25kgCO2,435,785.25,표준배출계수,2021-05-25,2024-05-24
415,2021-415,에이치디현대에너지솔루션(주),음성공장,HiS-S440YI-EN,HiS-S440YI-EN_776.32kgCO2,440,776.32,표준배출계수,2021-05-25,2024-05-24
416,2021-416,에이치디현대에너지솔루션(주),음성공장,HiS-S445YI-EN,HiS-S445YI-EN_767.60kgCO2,445,767.6,표준배출계수,2021-05-25,2024-05-24
417,2021-417,에이치디현대에너지솔루션(주),음성공장,HiS-S450YI-EN,HiS-S450YI-EN_759.07kgCO2,450,759.07,표준배출계수,2021-05-25,2024-05-24
418,2021-418,에이치디현대에너지솔루션(주),음성공장,HiS-S425YI-ON,HiS-S425YI-ON_787.12kgCO2,425,787.12,표준배출계수,2021-05-25,2024-05-24
419,2021-419,에이치디현대에너지솔루션(주),음성공장,HiS-S430YI-ON,HiS-S430YI-ON_777.97kgCO2,430,777.97,표준배출계수,2021-05-25,2024-05-24
420,2021-420,에이치디현대에너지솔루션(주),음성공장,HiS-S435YI-ON,HiS-S435YI-ON_769.03kgCO2,435,769.03,표준배출계수,2021-05-25,2024-05-24
421,2021-421,에이치디현대에너지솔루션(주),음성공장,HiS-S440YI-ON,HiS-S440YI-ON_760.29kgCO2,440,760.29,표준배출계수,2021-05-25,2024-05-24
422,2021-422,에이치디현대에너지솔루션(주),음성공장,HiS-S445YI-ON,HiS-S445YI-ON_751.74kgCO2,445,751.74,표준배출계수,2021-05-25,2024-05-24
423,2021-423,에이치디현대에너지솔루션(주),음성공장,HiS-S450YI-ON,HiS-S450YI-ON_743.39kgCO2,450,743.39,표준배출계수,2021-05-25,2024-05-24
424,2021-424,(주)신성이엔지,김제공장,SS-DM455PJ,SS-DM455PJ_715.85kgCO2,455,715.85,표준배출계수,2021-05-25,2024-05-24
425,2021-425,(주)신성이엔지,김제공장,SS-DM460PJ,SS-DM460PJ_708.07kgCO2,460,708.07,표준배출계수,2021-05-25,2024-05-24
426,2021-426,(주)신성이엔지,음성공장,SS-DM390PE,SS-DM390PE_803.56kgCO2,390,803.56,표준배출계수,2021-05-25,2023-02-24
427,2021-427,(주)신성이엔지,음성공장,SS-DM395PE,SS-DM395PE_793.39kgCO2,395,793.39,표준배출계수,2021-05-25,2023-02-24
428,2021-428,(주)신성이엔지,음성공장,SS-DM400PE,SS-DM400PE_783.47kgCO2,400,783.47,표준배출계수,2021-05-25,2023-02-24
429,2021-429,에스디피브이(주),강진공장,SPM450-HBB-A1,SPM450-HBB-A1_660.89kgCO2,450,660.89,표준배출계수,2021-05-25,2024-05-24
430,2021-430,에스디피브이(주),강진공장,SPM445-HBB-A1,SPM445-HBB-A1_668.31kgCO2,445,668.31,표준배출계수,2021-05-25,2024-05-24
431,2021-431,에스디피브이(주),강진공장,SPM440-HBB-A1,SPM440-HBB-A1_675.91kgCO2,440,675.91,표준배출계수,2021-05-25,2024-05-24
432,2021-432,에스디피브이(주),강진공장,SPM450-HBB-A1,SPM450-HBB-A1_759.07kgCO2,450,759.07,표준배출계수,2024-05-25,2027-05-24
433,2021-433,에스디피브이(주),강진공장,SPM445-HBB-A1,SPM445-HBB-A1_767.60kgCO2,445,767.6,표준배출계수,2021-05-25,2024-05-24
434,2021-434,에스디피브이(주),강진공장,SPM440-HBB-A1,SPM440-HBB-A1_776.32kgCO2,440,776.32,표준배출계수,2021-05-25,2024-05-24
435,2021-435,한화솔루션(주),음성 제2사업장,Q.PEAK DUO XL-G10.3/BFG KR1 465,Q.PEAK DUO XL-G10.3/BFG KR1 465_661.35kgCO2,465,661.35,표준배출계수,2024-06-25,2027-06-24
436,2021-436,한화솔루션(주),음성 제2사업장,Q.PEAK DUO XL-G10.3/BFG KR1 470,Q.PEAK DUO XL-G10.3/BFG KR1 470_654.31kgCO2,470,654.31,표준배출계수,2024-06-25,2027-06-24
437,2021-437,한화솔루션(주),음성 제2사업장,Q.PEAK DUO XL-G10.3/BFG KR1 475,Q.PEAK DUO XL-G10.3/BFG KR1 475_647.43kgCO2,475,647.43,표준배출계수,2024-06-25,2027-06-24
438,2021-438,한화솔루션(주),음성 제2사업장,Q.PEAK DUO XL-G10.3/BFG KR1 465,Q.PEAK DUO XL-G10.3/BFG KR1 465_749.31kgCO2,465,749.31,표준배출계수,2024-06-25,2027-06-24
439,2021-439,한화솔루션(주),음성 제2사업장,Q.PEAK DUO XL-G10.3/BFG KR1 470,Q.PEAK DUO XL-G10.3/BFG KR1 470_741.33kgCO2,470,741.33,표준배출계수,2024-06-25,2027-06-24
440,2021-440,한화솔루션(주),음성 제2사업장,Q.PEAK DUO XL-G10.3/BFG KR1 475,Q.PEAK DUO XL-G10.3/BFG KR1 475_733.53kgCO2,475,733.53,표준배출계수,2024-06-25,2027-06-24
441,2021-441,한화솔루션(주),음성 제2사업장,Q.PEAK DUO XL-G10.3 KR1 485,Q.PEAK DUO XL-G10.3 KR1 485_626.35kgCO2,485,626.35,표준배출계수,2021-06-25,2024-06-24
442,2021-442,한화솔루션(주),음성 제2사업장,Q.PEAK DUO XL-G10.3 KR1 485,Q.PEAK DUO XL-G10.3 KR1 485_710.68kgCO2,485,710.68,표준배출계수,2024-06-25,2027-06-24
443,2021-443,한화솔루션(주),음성 제2사업장,Q.PEAK DUO XL-G9.3 KR1 465,Q.PEAK DUO XL-G9.3 KR1 465_625.74kgCO2,465,625.74,표준배출계수,2024-06-25,2027-06-24
444,2021-444,한화솔루션(주),음성 제2사업장,Q.PEAK DUO XL-G9.3 KR1 465,Q.PEAK DUO XL-G9.3 KR1 465_709.47kgCO2,465,709.47,표준배출계수,2024-06-25,2027-06-24
445,2021-445,한화솔루션(주),음성 제2사업장,Q.PEAK DUO XL-G9.3/BFG 460,Q.PEAK DUO XL-G9.3/BFG 460_629.25kgCO2,460,629.25,표준배출계수,2024-06-25,2027-06-24
446,2021-446,한화솔루션(주),음성 제2사업장,Q.PEAK DUO XL-G9.3/BFG 460,Q.PEAK DUO XL-G9.3/BFG 460_713.90kgCO2,460,713.9,표준배출계수,2024-06-25,2027-06-24
447,2021-447,한화솔루션(주),진천사업장,Q.PEAK DUO L-G6 KR2 435,Q.PEAK DUO L-G6 KR2 435_623.88kgCO2,435,623.88,표준배출계수,2024-06-25,2027-06-24
448,2021-448,한화솔루션(주),진천사업장,Q.PEAK DUO L-G6 KR2 435,Q.PEAK DUO L-G6 KR2 435_707.08kgCO2,435,707.08,표준배출계수,2024-06-25,2027-06-24
449,2021-449,한화솔루션(주),진천사업장,Q.PEAK DUO L-G6.4 KR2 435,Q.PEAK DUO L-G6.4 KR2 435_722.56kgCO2,435,722.56,표준배출계수,2024-06-25,2027-06-24
450,2021-450,(주)탑선,장성공장,TOP CLASS 550I,TOP CLASS 550I_793.64kgCO2,550,793.64,표준배출계수,2021-06-25,2024-06-24
451,2021-451,에이치디현대에너지솔루션(주),음성공장,HiS-S425YI-EN,HiS-S425YI-EN_790.80kgCO2,425,790.8,표준배출계수,2021-06-25,2024-06-24
452,2021-452,에이치디현대에너지솔루션(주),음성공장,HiS-S430YI-EN,HiS-S430YI-EN_781.60kgCO2,430,781.6,표준배출계수,2021-06-25,2024-06-24
453,2021-453,에이치디현대에너지솔루션(주),음성공장,HiS-S435YI-EN,HiS-S435YI-EN_772.62kgCO2,435,772.62,표준배출계수,2021-06-25,2024-06-24
454,2021-454,에이치디현대에너지솔루션(주),음성공장,HiS-S440YI-EN,HiS-S440YI-EN_763.84kgCO2,440,763.84,표준배출계수,2021-06-25,2024-06-24
455,2021-455,에이치디현대에너지솔루션(주),음성공장,HiS-S445YI-EN,HiS-S445YI-EN_755.26kgCO2,445,755.26,표준배출계수,2021-06-25,2024-06-24
456,2021-456,에이치디현대에너지솔루션(주),음성공장,HiS-S450YI-EN,HiS-S450YI-EN_746.87kgCO2,450,746.87,표준배출계수,2021-06-25,2024-06-24
457,2021-457,에이치디현대에너지솔루션(주),음성공장,HiS-S425YI-EN,HiS-S425YI-EN_772.18kgCO2,425,772.18,표준배출계수,2021-06-25,2024-06-24
458,2021-458,에이치디현대에너지솔루션(주),음성공장,HiS-S430YI-EN,HiS-S430YI-EN_763.20kgCO2,430,763.2,표준배출계수,2021-06-25,2024-06-24
459,2021-459,에이치디현대에너지솔루션(주),음성공장,HiS-S435YI-EN,HiS-S435YI-EN_754.43kgCO2,435,754.43,표준배출계수,2021-06-25,2024-06-24
460,2021-460,에이치디현대에너지솔루션(주),음성공장,HiS-S440YI-EN,HiS-S440YI-EN_745.86kgCO2,440,745.86,표준배출계수,2021-06-25,2024-06-24
461,2021-461,에이치디현대에너지솔루션(주),음성공장,HiS-S445YI-EN,HiS-S445YI-EN_737.47kgCO2,445,737.47,표준배출계수,2021-06-25,2024-06-24
462,2021-462,에이치디현대에너지솔루션(주),음성공장,HiS-S450YI-EN,HiS-S450YI-EN_729.28kgCO2,450,729.28,표준배출계수,2021-06-25,2024-06-24
463,2021-463,에이치디현대에너지솔루션(주),음성공장,HiS-S425YI-ON,HiS-S425YI-ON_774.20kgCO2,425,774.2,표준배출계수,2021-06-25,2024-06-24
464,2021-464,에이치디현대에너지솔루션(주),음성공장,HiS-S430YI-ON,HiS-S430YI-ON_765.19kgCO2,430,765.19,표준배출계수,2021-06-25,2024-06-24
465,2021-465,에이치디현대에너지솔루션(주),음성공장,HiS-S435YI-ON,HiS-S435YI-ON_756.40kgCO2,435,756.4,표준배출계수,2021-06-25,2024-06-24
466,2021-466,에이치디현대에너지솔루션(주),음성공장,HiS-S440YI-ON,HiS-S440YI-ON_747.80kgCO2,440,747.8,표준배출계수,2021-06-25,2024-06-24
467,2021-467,에이치디현대에너지솔루션(주),음성공장,HiS-S445YI-ON,HiS-S445YI-ON_739.40kgCO2,445,739.4,표준배출계수,2021-06-25,2024-06-24
468,2021-468,에이치디현대에너지솔루션(주),음성공장,HiS-S450YI-ON,HiS-S450YI-ON_731.19kgCO2,450,731.19,표준배출계수,2021-06-25,2024-06-24
469,2021-469,에이치디현대에너지솔루션(주),음성공장,HiS-S425YI-ON,HiS-S425YI-ON_664.00kgCO2,425,664,표준배출계수,2021-06-25,2024-06-24
470,2021-470,에이치디현대에너지솔루션(주),음성공장,HiS-S430YI-ON,HiS-S430YI-ON_656.28kgCO2,430,656.28,표준배출계수,2021-06-25,2024-06-24
471,2021-471,에이치디현대에너지솔루션(주),음성공장,HiS-S435YI-ON,HiS-S435YI-ON_648.74kgCO2,435,648.74,표준배출계수,2021-06-25,2024-06-24
472,2021-472,에이치디현대에너지솔루션(주),음성공장,HiS-S440YI-ON,HiS-S440YI-ON_641.36kgCO2,440,641.36,표준배출계수,2021-06-25,2024-06-24
473,2021-473,에이치디현대에너지솔루션(주),음성공장,HiS-S445YI-ON,HiS-S445YI-ON_634.16kgCO2,445,634.16,표준배출계수,2021-06-25,2024-06-24
474,2021-474,에이치디현대에너지솔루션(주),음성공장,HiS-S450YI-ON,HiS-S450YI-ON_711.00kgCO2,450,711,표준배출계수,2021-06-25,2024-06-24
475,2021-475,에이치디현대에너지솔루션(주),음성공장,HiS-S425YI-ON,HiS-S425YI-ON_755.58kgCO2,425,755.58,표준배출계수,2021-06-25,2024-06-24
476,2021-476,에이치디현대에너지솔루션(주),음성공장,HiS-S430YI-ON,HiS-S430YI-ON_746.79kgCO2,430,746.79,표준배출계수,2021-06-25,2024-06-24
477,2021-477,에이치디현대에너지솔루션(주),음성공장,HiS-S435YI-ON,HiS-S435YI-ON_738.21kgCO2,435,738.21,표준배출계수,2021-06-25,2024-06-24
478,2021-478,에이치디현대에너지솔루션(주),음성공장,HiS-S440YI-ON,HiS-S440YI-ON_729.82kgCO2,440,729.82,표준배출계수,2024-06-25,2027-06-24
479,2021-479,에이치디현대에너지솔루션(주),음성공장,HiS-S445YI-ON,HiS-S445YI-ON_721.62kgCO2,445,721.62,표준배출계수,2021-06-25,2024-06-24
480,2021-480,에이치디현대에너지솔루션(주),음성공장,HiS-S450YI-ON,HiS-S450YI-ON_713.60kgCO2,450,713.6,표준배출계수,2021-06-25,2024-06-24
481,2021-481,에이치디현대에너지솔루션(주),음성공장,HiS-S425ZI-ON,HiS-S425ZI-ON_790.53kgCO2,425,790.53,표준배출계수,2021-06-25,2024-06-24
482,2021-482,에이치디현대에너지솔루션(주),음성공장,HiS-S430ZI-ON,HiS-S430ZI-ON_781.34kgCO2,430,781.34,표준배출계수,2021-06-25,2024-06-24
483,2021-483,에이치디현대에너지솔루션(주),음성공장,HiS-S435ZI-ON,HiS-S435ZI-ON_772.35kgCO2,435,772.35,표준배출계수,2021-06-25,2024-06-24
484,2021-484,에이치디현대에너지솔루션(주),음성공장,HiS-S440ZI-ON,HiS-S440ZI-ON_763.58kgCO2,440,763.58,표준배출계수,2021-06-25,2024-06-24
485,2021-485,에이치디현대에너지솔루션(주),음성공장,HiS-S445ZI-ON,HiS-S445ZI-ON_755.00kgCO2,445,755,표준배출계수,2021-06-25,2024-06-24
486,2021-486,에이치디현대에너지솔루션(주),음성공장,HiS-S450ZI-ON,HiS-S450ZI-ON_746.61kgCO2,450,746.61,표준배출계수,2021-06-25,2024-06-24
487,2021-487,에이치디현대에너지솔루션(주),음성공장,HiS-S425ZI-ON,HiS-S425ZI-ON_680.33kgCO2,425,680.33,표준배출계수,2021-06-25,2024-06-24
488,2021-488,에이치디현대에너지솔루션(주),음성공장,HiS-S430ZI-ON,HiS-S430ZI-ON_672.42kgCO2,430,672.42,표준배출계수,2021-06-25,2024-06-24
489,2021-489,에이치디현대에너지솔루션(주),음성공장,HiS-S435ZI-ON,HiS-S435ZI-ON_664.69kgCO2,435,664.69,표준배출계수,2021-06-25,2024-06-24
490,2021-490,에이치디현대에너지솔루션(주),음성공장,HiS-S440ZI-ON,HiS-S440ZI-ON_657.14kgCO2,440,657.14,표준배출계수,2021-06-25,2024-06-24
491,2021-491,에이치디현대에너지솔루션(주),음성공장,HiS-S445ZI-ON,HiS-S445ZI-ON_649.76kgCO2,445,649.76,표준배출계수,2021-06-25,2024-06-24
492,2021-492,에이치디현대에너지솔루션(주),음성공장,HiS-S450ZI-ON,HiS-S450ZI-ON_642.54kgCO2,450,642.54,표준배출계수,2021-06-25,2024-06-24
493,2021-493,에이치디현대에너지솔루션(주),음성공장,HiS-S425ZI-ON,HiS-S425ZI-ON_771.91kgCO2,425,771.91,표준배출계수,2021-06-25,2024-06-24
494,2021-494,에이치디현대에너지솔루션(주),음성공장,HiS-S430ZI-ON,HiS-S430ZI-ON_762.93kgCO2,430,762.93,표준배출계수,2021-06-25,2024-06-24
495,2021-495,에이치디현대에너지솔루션(주),음성공장,HiS-S435ZI-ON,HiS-S435ZI-ON_754.16kgCO2,435,754.16,표준배출계수,2021-06-25,2024-06-24
496,2021-496,에이치디현대에너지솔루션(주),음성공장,HiS-S440ZI-ON,HiS-S440ZI-ON_745.59kgCO2,440,745.59,표준배출계수,2021-06-25,2024-06-24
497,2021-497,에이치디현대에너지솔루션(주),음성공장,HiS-S445ZI-ON,HiS-S445ZI-ON_737.22kgCO2,445,737.22,표준배출계수,2021-06-25,2024-06-24
498,2021-498,에이치디현대에너지솔루션(주),음성공장,HiS-S450ZI-ON,HiS-S450ZI-ON_729.02kgCO2,450,729.02,표준배출계수,2021-06-25,2024-06-24
499,2021-499,에이치디현대에너지솔루션(주),음성공장,HiS-S425ZI-EN,HiS-S425ZI-EN_807.13kgCO2,425,807.13,표준배출계수,2021-06-25,2024-06-24
500,2021-500,에이치디현대에너지솔루션(주),음성공장,HiS-S430ZI-EN,HiS-S430ZI-EN_797.75kgCO2,430,797.75,표준배출계수,2021-06-25,2024-06-24
501,2021-501,에이치디현대에너지솔루션(주),음성공장,HiS-S435ZI-EN,HiS-S435ZI-EN_788.58kgCO2,435,788.58,표준배출계수,2021-06-25,2024-06-24
502,2021-502,에이치디현대에너지솔루션(주),음성공장,HiS-S440ZI-EN,HiS-S440ZI-EN_779.62kgCO2,440,779.62,표준배출계수,2021-06-25,2024-06-24
503,2021-503,에이치디현대에너지솔루션(주),음성공장,HiS-S445ZI-EN,HiS-S445ZI-EN_770.86kgCO2,445,770.86,표준배출계수,2021-06-25,2024-06-24
504,2021-504,에이치디현대에너지솔루션(주),음성공장,HiS-S450ZI-EN,HiS-S450ZI-EN_762.29kgCO2,450,762.29,표준배출계수,2021-06-25,2024-06-24
505,2021-505,한화솔루션(주),음성 제2사업장,Q.PEAK DUO XL-G9.2 KR1 445,Q.PEAK DUO XL-G9.2 KR1 445_694.31kgCO2,445,694.31,표준배출계수,2021-08-13,2024-08-12
506,2021-506,한화솔루션(주),음성 제2사업장,Q.PEAK DUO XL-G9.2 KR1 450,Q.PEAK DUO XL-G9.2 KR1 450_686.59kgCO2,450,686.59,표준배출계수,2021-08-13,2024-08-12
507,2021-507,한화솔루션(주),음성 제2사업장,Q.PEAK DUO XL-G9.2 KR1 455,Q.PEAK DUO XL-G9.2 KR1 455_679.05kgCO2,455,679.05,표준배출계수,2021-08-13,2024-08-12
508,2021-508,한화솔루션(주),음성 제2사업장,Q.PEAK DUO XL-G9.3 KR1 465,Q.PEAK DUO XL-G9.3 KR1 465_646.89kgCO2,465,646.89,표준배출계수,2024-08-13,2027-08-12
509,2021-509,한화솔루션(주),음성 제2사업장,Q.PEAK DUO XL-G9.3/BFG 445,Q.PEAK DUO XL-G9.3/BFG 445_671.46kgCO2,445,671.46,표준배출계수,2024-08-13,2027-08-12
510,2021-510,한화솔루션(주),음성 제2사업장,Q.PEAK DUO XL-G9.3/BFG 450,Q.PEAK DUO XL-G9.3/BFG 450_664.00kgCO2,450,664,표준배출계수,2024-08-13,2027-08-12
511,2021-511,한화솔루션(주),음성 제2사업장,Q.PEAK DUO XL-G9.3/BFG 455,Q.PEAK DUO XL-G9.3/BFG 455_656.70kgCO2,455,656.7,표준배출계수,2024-08-13,2027-08-12
512,2021-512,한화솔루션(주),음성 제2사업장,Q.PEAK DUO XL-G9.3/BFG 460,Q.PEAK DUO XL-G9.3/BFG 460_649.56kgCO2,460,649.56,표준배출계수,2024-08-13,2027-08-12
513,2021-513,한화솔루션(주),음성 제2사업장,Q.PEAK DUO XL-G10.3 KR1 470,Q.PEAK DUO XL-G10.3 KR1 470_665.46kgCO2,470,665.46,표준배출계수,2021-08-13,2024-08-12
514,2021-514,한화솔루션(주),음성 제2사업장,Q.PEAK DUO XL-G10.3 KR1 475,Q.PEAK DUO XL-G10.3 KR1 475_658.45kgCO2,475,658.45,표준배출계수,2021-08-13,2024-08-12
515,2021-515,한화솔루션(주),음성 제2사업장,Q.PEAK DUO XL-G10.3 KR1 480,Q.PEAK DUO XL-G10.3 KR1 480_651.59kgCO2,480,651.59,표준배출계수,2021-08-13,2024-08-12
516,2021-516,한화솔루션(주),음성 제2사업장,Q.PEAK DUO XL-G10.3 KR1 485,Q.PEAK DUO XL-G10.3 KR1 485_644.88kgCO2,485,644.88,표준배출계수,2021-08-13,2024-08-12
517,2021-517,한화솔루션(주),음성 제2사업장,Q.PEAK DUO XL-G10.3/BFG KR1 465,Q.PEAK DUO XL-G10.3/BFG KR1 465_671.82kgCO2,465,671.82,표준배출계수,2024-08-13,2027-08-12
518,2021-518,한화솔루션(주),음성 제2사업장,Q.PEAK DUO XL-G10.3/BFG KR1 470,Q.PEAK DUO XL-G10.3/BFG KR1 470_664.68kgCO2,470,664.68,표준배출계수,2024-08-13,2027-08-12
519,2021-519,한화솔루션(주),음성 제2사업장,Q.PEAK DUO XL-G10.3/BFG KR1 475,Q.PEAK DUO XL-G10.3/BFG KR1 475_657.68kgCO2,475,657.68,표준배출계수,2024-08-13,2027-08-12
520,2021-520,한화솔루션(주),음성 제2사업장,Q.PEAK DUO XL-G10.3/BFG KR1 480,Q.PEAK DUO XL-G10.3/BFG KR1 480_633.14kgCO2,480,633.14,표준배출계수,2024-08-13,2027-08-12
521,2021-521,한화솔루션(주),음성 제2사업장,Q.PEAK DUO XL-G10.3/BFG KR1 480,Q.PEAK DUO XL-G10.3/BFG KR1 480_650.83kgCO2,480,650.83,표준배출계수,2024-08-13,2027-08-12
522,2021-522,한화솔루션(주),음성 제2사업장,Q.PEAK DUO XL-G10.3/BFG KR1 480,Q.PEAK DUO XL-G10.3/BFG KR1 480_718.35kgCO2,480,718.35,표준배출계수,2024-08-13,2027-08-12
523,2021-523,한화솔루션(주),진천사업장,Q.PEAK DUO L-G6 KR2 435,Q.PEAK DUO L-G6 KR2 435_633.11kgCO2,435,633.11,표준배출계수,2024-08-13,2027-08-12
524,2021-524,한화솔루션(주),진천사업장,Q.PEAK DUO L-G6.2 KR1 410,Q.PEAK DUO L-G6.2 KR1 410_693.96kgCO2,410,693.96,표준배출계수,2021-08-13,2024-08-12
525,2021-525,한화솔루션(주),진천사업장,Q.PEAK DUO L-G6.2 KR1 415,Q.PEAK DUO L-G6.2 KR1 415_685.60kgCO2,415,685.6,표준배출계수,2021-08-13,2024-08-12
526,2021-526,한화솔루션(주),진천사업장,Q.PEAK DUO L-G6.2 KR1 420,Q.PEAK DUO L-G6.2 KR1 420_677.44kgCO2,420,677.44,표준배출계수,2021-08-13,2024-08-12
527,2021-527,한화솔루션(주),진천사업장,Q.PEAK DUO XL-G10.d/BFG KR1 465,Q.PEAK DUO XL-G10.d/BFG KR1 465_652.22kgCO2,465,652.22,표준배출계수,2021-08-13,2024-08-12
528,2021-528,한화솔루션(주),진천사업장,Q.PEAK DUO XL-G10.d/BFG KR1 470,Q.PEAK DUO XL-G10.d/BFG KR1 470_645.28kgCO2,470,645.28,표준배출계수,2021-08-13,2024-08-12
529,2021-529,한화솔루션(주),진천사업장,Q.PEAK DUO XL-G10.d/BFG KR1 475,Q.PEAK DUO XL-G10.d/BFG KR1 475_638.49kgCO2,475,638.49,표준배출계수,2021-08-13,2024-08-12
530,2021-530,한화솔루션(주),진천사업장,Q.PEAK DUO XL-G10.d/BFG KR1 465,Q.PEAK DUO XL-G10.d/BFG KR1 465_670.47kgCO2,465,670.47,표준배출계수,2024-08-13,2027-08-12
531,2021-531,한화솔루션(주),진천사업장,Q.PEAK DUO XL-G10.d/BFG KR1 470,Q.PEAK DUO XL-G10.d/BFG KR1 470_663.34kgCO2,470,663.34,표준배출계수,2024-08-13,2027-08-12
532,2021-532,한화솔루션(주),진천사업장,Q.PEAK DUO XL-G10.d/BFG KR1 475,Q.PEAK DUO XL-G10.d/BFG KR1 475_656.36kgCO2,475,656.36,표준배출계수,2024-08-13,2027-08-12
533,2021-533,한화솔루션(주),진천사업장,Q.PEAK DUO XL-G10.d/BFG KR1 465,Q.PEAK DUO XL-G10.d/BFG KR1 465_740.17kgCO2,465,740.17,표준배출계수,2024-08-13,2027-08-12
534,2021-534,한화솔루션(주),진천사업장,Q.PEAK DUO XL-G10.d/BFG KR1 470,Q.PEAK DUO XL-G10.d/BFG KR1 470_732.30kgCO2,470,732.3,표준배출계수,2024-08-13,2027-08-12
535,2021-535,한화솔루션(주),진천사업장,Q.PEAK DUO XL-G10.d/BFG KR1 475,Q.PEAK DUO XL-G10.d/BFG KR1 475_724.59kgCO2,475,724.59,표준배출계수,2024-08-13,2027-08-12
536,2021-536,엘지전자(주),구미 제3공장,LG450S2W-U6.DK5,LG450S2W-U6.DK5_656.06kgCO2,450,656.06,표준배출계수,2021-08-13,2024-08-12
537,2021-537,엘지전자(주),구미 제3공장,LG470N2T-E6.DK5,LG470N2T-E6.DK5_650.79kgCO2,440,650.79,표준배출계수,2021-09-15,2024-09-14
538,2021-538,엘지전자(주),구미 제3공장,LG475N2T-E6.DK5,LG475N2T-E6.DK5_643.48kgCO2,445,643.48,표준배출계수,2021-09-15,2024-09-14
539,2021-539,엘지전자(주),구미 제3공장,LG480N2T-E6.DK5,LG480N2T-E6.DK5_636.33kgCO2,450,636.33,표준배출계수,2021-09-15,2024-09-14
540,2021-540,엘지전자(주),구미 제3공장,LG460N2W-E6,LG460N2W-E6_622.57kgCO2,460,622.57,표준배출계수,2021-09-15,2024-09-14
541,2021-541,엘지전자(주),구미 제3공장,LG465N2W-E6,LG465N2W-E6_615.88kgCO2,465,615.88,표준배출계수,2021-09-15,2024-09-14
542,2021-542,에이치디현대에너지솔루션(주),음성공장,HiS-S470YJ-ON,HiS-S470YJ-ON_648.96kgCO2,470,648.96,표준배출계수,2024-10-06,2027-10-05
543,2021-543,에이치디현대에너지솔루션(주),음성공장,HiS-S475YJ-ON,HiS-S475YJ-ON_642.13kgCO2,475,642.13,표준배출계수,2024-10-06,2027-10-05
544,2021-544,에이치디현대에너지솔루션(주),음성공장,HiS-S480YJ-ON,HiS-S480YJ-ON_635.44kgCO2,480,635.44,표준배출계수,2024-10-06,2027-10-05
545,2021-545,에이치디현대에너지솔루션(주),음성공장,HiS-S485YJ-ON,HiS-S485YJ-ON_628.89kgCO2,485,628.89,표준배출계수,2021-10-06,2024-10-05
546,2021-546,에이치디현대에너지솔루션(주),음성공장,HiS-S470YJ-ON,HiS-S470YJ-ON_649.19kgCO2,470,649.19,표준배출계수,2024-10-06,2027-10-05
547,2021-547,에이치디현대에너지솔루션(주),음성공장,HiS-S475YJ-ON,HiS-S475YJ-ON_642.35kgCO2,475,642.35,표준배출계수,2024-10-06,2027-10-05
548,2021-548,에이치디현대에너지솔루션(주),음성공장,HiS-S480YJ-ON,HiS-S480YJ-ON_635.66kgCO2,480,635.66,표준배출계수,2024-10-06,2027-10-05
549,2021-549,에이치디현대에너지솔루션(주),음성공장,HiS-S485YJ-ON,HiS-S485YJ-ON_629.11kgCO2,485,629.11,표준배출계수,2021-10-06,2024-10-05
550,2021-550,에스디피브이(주),강진공장,SPM440-HBB-A1,SPM440-HBB-A1_662.92kgCO2,440,662.92,표준배출계수,2021-10-06,2024-10-05
551,2021-551,에스디피브이(주),강진공장,SPM445-HBB-A1,SPM445-HBB-A1_655.47kgCO2,445,655.47,표준배출계수,2021-10-06,2024-10-05
552,2021-552,에스디피브이(주),강진공장,SPM450-HBB-A1,SPM450-HBB-A1_648.19kgCO2,450,648.19,표준배출계수,2024-10-06,2027-10-05
553,2021-553,한화솔루션(주),음성 제2사업장,Q.PEAK DUO XL-G10.2 KR1 465,Q.PEAK DUO XL-G10.2 KR1 465_662.16kgCO2,465,662.16,표준배출계수,2021-11-02,2024-11-01
554,2021-554,한화솔루션(주),음성 제2사업장,Q.PEAK DUO XL-G10.2 KR1 465,Q.PEAK DUO XL-G10.2 KR1 465_750.12kgCO2,465,750.12,표준배출계수,2021-11-02,2024-11-01
555,2021-555,한화솔루션(주),음성 제2사업장,Q.PEAK DUO XL-G10.2 KR1 470,Q.PEAK DUO XL-G10.2 KR1 470_655.11kgCO2,470,655.11,표준배출계수,2021-11-02,2024-11-01
556,2021-556,한화솔루션(주),음성 제2사업장,Q.PEAK DUO XL-G10.2 KR1 470,Q.PEAK DUO XL-G10.2 KR1 470_742.14kgCO2,470,742.14,표준배출계수,2021-11-02,2024-11-01
557,2021-557,한화솔루션(주),음성 제2사업장,Q.PEAK DUO XL-G10.2 KR1 475,Q.PEAK DUO XL-G10.2 KR1 475_648.22kgCO2,475,648.22,표준배출계수,2021-11-02,2024-11-01
558,2021-558,한화솔루션(주),음성 제2사업장,Q.PEAK DUO XL-G10.2 KR1 475,Q.PEAK DUO XL-G10.2 KR1 475_734.32kgCO2,475,734.32,표준배출계수,2021-11-02,2024-11-01
559,2021-559,한화솔루션(주),진천사업장,Q.PEAK DUO MS-G10.d/BGT KR1 230,Q.PEAK DUO MS-G10.d/BGT KR1 230_799.54kgCO2,230,799.54,표준배출계수,2024-11-02,2027-11-01
560,2021-560,한화솔루션(주),진천사업장,Q.PEAK DUO MS-G10.d/BGT KR1 235,Q.PEAK DUO MS-G10.d/BGT KR1 235_782.52kgCO2,235,782.52,표준배출계수,2024-11-02,2027-11-01
561,2021-561,한화솔루션(주),진천사업장,Q.PEAK DUO XL-G10.d KR1 470,Q.PEAK DUO XL-G10.d KR1 470_646.29kgCO2,470,646.29,표준배출계수,2021-11-02,2024-11-01
562,2021-562,한화솔루션(주),진천사업장,Q.PEAK DUO XL-G10.d KR1 470,Q.PEAK DUO XL-G10.d KR1 470_664.35kgCO2,470,664.35,표준배출계수,2021-11-02,2024-11-01
563,2021-563,한화솔루션(주),진천사업장,Q.PEAK DUO XL-G10.d KR1 470,Q.PEAK DUO XL-G10.d KR1 470_733.31kgCO2,470,733.31,표준배출계수,2021-11-02,2024-11-01
564,2021-564,한화솔루션(주),진천사업장,Q.PEAK DUO XL-G10.d KR1 475,Q.PEAK DUO XL-G10.d KR1 475_639.49kgCO2,475,639.49,표준배출계수,2021-11-02,2024-11-01
565,2021-565,한화솔루션(주),진천사업장,Q.PEAK DUO XL-G10.d KR1 475,Q.PEAK DUO XL-G10.d KR1 475_657.36kgCO2,475,657.36,표준배출계수,2021-11-02,2024-11-01
566,2021-566,한화솔루션(주),진천사업장,Q.PEAK DUO XL-G10.d KR1 475,Q.PEAK DUO XL-G10.d KR1 475_725.59kgCO2,475,725.59,표준배출계수,2021-11-02,2024-11-01
567,2021-567,한화솔루션(주),진천사업장,Q.PEAK DUO XL-G10.d KR1 480,Q.PEAK DUO XL-G10.d KR1 480_632.83kgCO2,480,632.83,표준배출계수,2021-11-02,2024-11-01
568,2021-568,한화솔루션(주),진천사업장,Q.PEAK DUO XL-G10.d KR1 480,Q.PEAK DUO XL-G10.d KR1 480_650.51kgCO2,480,650.51,표준배출계수,2021-11-02,2024-11-01
569,2021-569,한화솔루션(주),진천사업장,Q.PEAK DUO XL-G10.d KR1 480,Q.PEAK DUO XL-G10.d KR1 480_718.03kgCO2,480,718.03,표준배출계수,2021-11-02,2024-11-01
570,2021-570,한화솔루션(주),진천사업장,Q.PEAK DUO XL-G10.d/BFG KR1 480,Q.PEAK DUO XL-G10.d/BFG KR1 480_632.08kgCO2,480,632.08,표준배출계수,2024-11-02,2027-11-01
571,2021-571,한화솔루션(주),진천사업장,Q.PEAK DUO XL-G10.d/BFG KR1 480,Q.PEAK DUO XL-G10.d/BFG KR1 480_649.77kgCO2,480,649.77,표준배출계수,2024-11-02,2027-11-01
572,2021-572,한화솔루션(주),진천사업장,Q.PEAK DUO XL-G10.d/BFG KR1 480,Q.PEAK DUO XL-G10.d/BFG KR1 480_717.29kgCO2,480,717.29,표준배출계수,2024-11-02,2027-11-01
573,2021-573,(주)신성이엔지,김제공장,SS-DM450PN,SS-DM450PN_664.36kgCO2,450,664.36,표준배출계수,2021-11-02,2024-11-01
574,2021-574,(주)신성이엔지,김제공장,SS-DM535BD,SS-DM535BD_798.05kgCO2,535,798.05,표준배출계수,2021-11-02,2024-11-01
575,2021-575,(주)신성이엔지,김제공장,SS-DM540BD,SS-DM540BD_790.66kgCO2,540,790.66,표준배출계수,2021-11-02,2024-11-01
576,2021-576,(주)신성이엔지,김제공장,SS-DM545BD,SS-DM545BD_783.40kgCO2,545,783.4,표준배출계수,2021-11-02,2024-11-01
577,2021-577,(주)신성이엔지,김제공장,SS-DM545BD,SS-DM545BD_741.16kgCO2,545,741.16,표준배출계수,2021-11-02,2023-02-24
578,2021-578,(주)신성이엔지,김제공장,SS-DM540BD,SS-DM540BD_748.03kgCO2,540,748.03,표준배출계수,2021-11-02,2023-02-24
579,2021-579,(주)신성이엔지,김제공장,SS-DM550BD,SS-DM550BD_734.43kgCO2,550,734.43,표준배출계수,2021-11-02,2024-11-01
580,2021-580,(주)신성이엔지,김제공장,SS-DM545BD,SS-DM545BD_741.16kgCO2,545,741.16,표준배출계수,2021-11-02,2024-11-01
581,2021-581,(주)신성이엔지,김제공장,SS-DM540BD,SS-DM540BD_748.03kgCO2,540,748.03,표준배출계수,2021-11-02,2024-11-01
582,2021-582,한솔에너지온,한솔에너지온 오창공장,HS525XD-GHE,HS525XD-GHE_755.60kgCO2,525,755.6,표준배출계수,2021-11-02,2024-11-01
583,2021-583,한솔에너지온,한솔에너지온 오창공장,HS530XD-GHE,HS530XD-GHE_748.47kgCO2,530,748.47,표준배출계수,2021-11-02,2024-11-01
584,2021-584,한솔에너지온,한솔에너지온 오창공장,HS535XD-GHE,HS535XD-GHE_741.48kgCO2,535,741.48,표준배출계수,2021-11-02,2024-11-01
585,2021-585,에이치디현대에너지솔루션(주),음성공장,HiS-S470YJ-ON,HiS-S470YJ-ON_647.09kgCO2,470,647.09,표준배출계수,2024-11-02,2027-11-01
586,2021-586,에이치디현대에너지솔루션(주),음성공장,HiS-S475YJ-ON,HiS-S475YJ-ON_640.28kgCO2,475,640.28,표준배출계수,2024-11-02,2027-11-01
587,2021-587,에이치디현대에너지솔루션(주),음성공장,HiS-S480YJ-ON,HiS-S480YJ-ON_633.61kgCO2,480,633.61,표준배출계수,2024-11-02,2027-11-01
588,2021-588,에이치디현대에너지솔루션(주),음성공장,HiS-S485YJ-ON,HiS-S485YJ-ON_627.07kgCO2,485,627.07,표준배출계수,2024-11-02,2027-11-01
589,2021-589,에이치디현대에너지솔루션(주),음성공장,HiS-S470YJ-ON,HiS-S470YJ-ON_647.32kgCO2,470,647.32,표준배출계수,2024-11-02,2027-11-01
590,2021-590,에이치디현대에너지솔루션(주),음성공장,HiS-S475YJ-ON,HiS-S475YJ-ON_640.50kgCO2,475,640.5,표준배출계수,2024-11-02,2027-11-01
591,2021-591,에이치디현대에너지솔루션(주),음성공장,HiS-S480YJ-ON,HiS-S480YJ-ON_633.83kgCO2,480,633.83,표준배출계수,2021-11-02,2024-11-01
592,2021-592,에이치디현대에너지솔루션(주),음성공장,HiS-S485YJ-ON,HiS-S485YJ-ON_627.30kgCO2,485,627.3,표준배출계수,2021-11-02,2024-11-01
593,2021-593,에이치디현대에너지솔루션(주),음성공장,HiS-S460YJ-ON,HiS-S460YJ-ON_661.62kgCO2,460,661.62,표준배출계수,2021-11-02,2024-11-01
594,2021-594,에이치디현대에너지솔루션(주),음성공장,HiS-S465YJ-ON,HiS-S465YJ-ON_654.51kgCO2,465,654.51,표준배출계수,2021-11-02,2024-11-01
595,2021-595,에이치디현대에너지솔루션(주),음성공장,HiS-S460YJ-ON,HiS-S460YJ-ON_661.15kgCO2,460,661.15,표준배출계수,2021-11-02,2024-11-01
596,2021-596,에이치디현대에너지솔루션(주),음성공장,HiS-S465YJ-ON,HiS-S465YJ-ON_654.05kgCO2,465,654.05,표준배출계수,2021-11-02,2024-11-01
597,2021-597,에이치디현대에너지솔루션(주),음성공장,HiS-S460YJ-ON,HiS-S460YJ-ON_661.85kgCO2,460,661.85,표준배출계수,2021-11-02,2024-11-01
598,2021-598,에이치디현대에너지솔루션(주),음성공장,HiS-S465YJ-ON,HiS-S465YJ-ON_654.74kgCO2,465,654.74,표준배출계수,2024-11-02,2027-11-01
599,2021-599,에이치디현대에너지솔루션(주),음성공장,HiS-S460YJ-ON,HiS-S460YJ-ON_661.39kgCO2,460,661.39,표준배출계수,2021-11-02,2024-11-01
600,2021-600,에이치디현대에너지솔루션(주),음성공장,HiS-S465YJ-ON,HiS-S465YJ-ON_654.28kgCO2,465,654.28,표준배출계수,2024-11-02,2027-11-01
601,2021-601,에이치디현대에너지솔루션(주),음성공장,HiS-S460YJ-ON,HiS-S460YJ-ON_750.73kgCO2,460,750.73,표준배출계수,2021-11-02,2024-11-01
602,2021-602,에이치디현대에너지솔루션(주),음성공장,HiS-S465YJ-ON,HiS-S465YJ-ON_742.66kgCO2,465,742.66,표준배출계수,2021-11-02,2024-11-01
603,2021-603,에이치디현대에너지솔루션(주),음성공장,HiS-S470YJ-ON,HiS-S470YJ-ON_734.75kgCO2,470,734.75,표준배출계수,2021-11-02,2024-11-01
604,2021-604,에이치디현대에너지솔루션(주),음성공장,HiS-S475YJ-ON,HiS-S475YJ-ON_727.02kgCO2,475,727.02,표준배출계수,2024-11-02,2027-11-01
605,2021-605,에이치디현대에너지솔루션(주),음성공장,HiS-S480YJ-ON,HiS-S480YJ-ON_719.45kgCO2,480,719.45,표준배출계수,2024-11-02,2027-11-01
606,2021-606,에이치디현대에너지솔루션(주),음성공장,HiS-S485YJ-ON,HiS-S485YJ-ON_712.03kgCO2,485,712.03,표준배출계수,2024-11-02,2027-11-01
607,2021-607,에이치디현대에너지솔루션(주),음성공장,HiS-S460YJ-ON,HiS-S460YJ-ON_750.26kgCO2,460,750.26,표준배출계수,2021-11-02,2024-11-01
608,2021-608,에이치디현대에너지솔루션(주),음성공장,HiS-S465YJ-ON,HiS-S465YJ-ON_742.19kgCO2,465,742.19,표준배출계수,2021-11-02,2024-11-01
609,2021-609,에이치디현대에너지솔루션(주),음성공장,HiS-S470YJ-ON,HiS-S470YJ-ON_734.30kgCO2,470,734.3,표준배출계수,2021-11-02,2024-11-01
610,2021-610,에이치디현대에너지솔루션(주),음성공장,HiS-S475YJ-ON,HiS-S475YJ-ON_726.57kgCO2,475,726.57,표준배출계수,2021-11-02,2024-11-01
611,2021-611,에이치디현대에너지솔루션(주),음성공장,HiS-S480YJ-ON,HiS-S480YJ-ON_719.00kgCO2,480,719,표준배출계수,2021-11-02,2024-11-01
612,2021-612,에이치디현대에너지솔루션(주),음성공장,HiS-S485YJ-ON,HiS-S485YJ-ON_711.59kgCO2,485,711.59,표준배출계수,2021-11-02,2024-11-01
613,2021-613,(주)에스에너지,(주)에스에너지 대전공장,SN25-78MAE-430S,SN25-78MAE-430S_667.12kgCO2,430,667.12,표준배출계수,2021-12-03,2024-12-02
614,2021-614,에이치디현대에너지솔루션(주),음성공장,HiS-S460YJ-ON,HiS-S460YJ-ON_585.58kgCO2,460,585.58,표준배출계수,2021-12-03,2024-12-02
615,2021-615,에이치디현대에너지솔루션(주),음성공장,HiS-S465YJ-ON,HiS-S465YJ-ON_579.28kgCO2,465,579.28,표준배출계수,2021-12-03,2024-12-02
616,2021-616,에이치디현대에너지솔루션(주),음성공장,HiS-S470YJ-ON,HiS-S470YJ-ON_573.12kgCO2,470,573.12,표준배출계수,2021-12-03,2024-12-02
617,2021-617,에이치디현대에너지솔루션(주),음성공장,HiS-S475YJ-ON,HiS-S475YJ-ON_567.08kgCO2,475,567.08,표준배출계수,2021-12-03,2024-12-02
618,2021-618,에이치디현대에너지솔루션(주),음성공장,HiS-S480YJ-ON,HiS-S480YJ-ON_561.18kgCO2,480,561.18,표준배출계수,2024-12-03,2027-12-02
619,2021-619,에이치디현대에너지솔루션(주),음성공장,HiS-S485YJ-ON,HiS-S485YJ-ON_555.39kgCO2,485,555.39,표준배출계수,2024-12-03,2027-12-02
620,2021-620,에이치디현대에너지솔루션(주),음성공장,HiS-S460YJ-ON,HiS-S460YJ-ON_585.11kgCO2,460,585.11,표준배출계수,2021-12-03,2024-12-02
621,2021-621,에이치디현대에너지솔루션(주),음성공장,HiS-S465YJ-ON,HiS-S465YJ-ON_578.82kgCO2,465,578.82,표준배출계수,2021-12-03,2024-12-02
622,2021-622,에이치디현대에너지솔루션(주),음성공장,HiS-S470YJ-ON,HiS-S470YJ-ON_572.66kgCO2,470,572.66,표준배출계수,2021-12-03,2024-12-02
623,2021-623,에이치디현대에너지솔루션(주),음성공장,HiS-S475YJ-ON,HiS-S475YJ-ON_566.63kgCO2,475,566.63,표준배출계수,2021-12-03,2024-12-02
624,2021-624,에이치디현대에너지솔루션(주),음성공장,HiS-S480YJ-ON,HiS-S480YJ-ON_560.73kgCO2,480,560.73,표준배출계수,2021-12-03,2024-12-02
625,2021-625,에이치디현대에너지솔루션(주),음성공장,HiS-S485YJ-ON,HiS-S485YJ-ON_554.95kgCO2,485,554.95,표준배출계수,2021-12-03,2024-12-02
626,2021-626,에이치디현대에너지솔루션(주),음성공장,HiS-S460YJ-ON,HiS-S460YJ-ON_750.73kgCO2,460,750.73,표준배출계수,2021-12-03,2024-12-02
627,2021-627,에이치디현대에너지솔루션(주),음성공장,HiS-S465YJ-ON,HiS-S465YJ-ON_742.66kgCO2,465,742.66,표준배출계수,2021-12-03,2024-12-02
628,2021-628,에이치디현대에너지솔루션(주),음성공장,HiS-S470YJ-ON,HiS-S470YJ-ON_734.75kgCO2,470,734.75,표준배출계수,2021-12-03,2024-12-02
629,2021-629,에이치디현대에너지솔루션(주),음성공장,HiS-S475YJ-ON,HiS-S475YJ-ON_727.02kgCO2,475,727.02,표준배출계수,2021-12-03,2024-12-02
630,2021-630,에이치디현대에너지솔루션(주),음성공장,HiS-S480YJ-ON,HiS-S480YJ-ON_719.45kgCO2,480,719.45,표준배출계수,2024-12-03,2027-12-02
631,2021-631,에이치디현대에너지솔루션(주),음성공장,HiS-S485YJ-ON,HiS-S485YJ-ON_712.03kgCO2,485,712.03,표준배출계수,2021-12-03,2024-12-02
632,2021-632,에이치디현대에너지솔루션(주),음성공장,HiS-S460YJ-ON,HiS-S460YJ-ON_750.26kgCO2,460,750.26,표준배출계수,2021-12-03,2024-12-02
633,2021-633,에이치디현대에너지솔루션(주),음성공장,HiS-S465YJ-ON,HiS-S465YJ-ON_742.19kgCO2,465,742.19,표준배출계수,2021-12-03,2024-12-02
634,2021-634,에이치디현대에너지솔루션(주),음성공장,HiS-S470YJ-ON,HiS-S470YJ-ON_734.30kgCO2,470,734.3,표준배출계수,2021-12-03,2024-12-02
635,2021-635,에이치디현대에너지솔루션(주),음성공장,HiS-S475YJ-ON,HiS-S475YJ-ON_726.57kgCO2,475,726.57,표준배출계수,2021-12-03,2024-12-02
636,2021-636,에이치디현대에너지솔루션(주),음성공장,HiS-S480YJ-ON,HiS-S480YJ-ON_719.00kgCO2,480,719,표준배출계수,2024-12-03,2027-12-02
637,2021-637,에이치디현대에너지솔루션(주),음성공장,HiS-S485YJ-ON,HiS-S485YJ-ON_711.59kgCO2,485,711.59,표준배출계수,2024-12-03,2027-12-02
638,2021-638,에이치디현대에너지솔루션(주),음성공장,HiS-S470ZJ-ON,HiS-S470ZJ-ON_741.88kgCO2,470,741.88,표준배출계수,2021-12-03,2024-12-02
639,2021-639,에이치디현대에너지솔루션(주),음성공장,HiS-S475ZJ-ON,HiS-S475ZJ-ON_734.07kgCO2,475,734.07,표준배출계수,2021-12-03,2024-12-02
640,2021-640,에이치디현대에너지솔루션(주),음성공장,HiS-S480ZJ-ON,HiS-S480ZJ-ON_726.42kgCO2,480,726.42,표준배출계수,2024-12-03,2027-12-02
641,2021-641,에이치디현대에너지솔루션(주),음성공장,HiS-S485ZJ-ON,HiS-S485ZJ-ON_718.93kgCO2,485,718.93,표준배출계수,2024-12-03,2027-12-02
642,2021-642,에이치디현대에너지솔루션(주),음성공장,HiS-S470ZJ-ON,HiS-S470ZJ-ON_741.88kgCO2,470,741.88,표준배출계수,2021-12-03,2024-12-02
643,2021-643,에이치디현대에너지솔루션(주),음성공장,HiS-S475ZJ-ON,HiS-S475ZJ-ON_734.07kgCO2,475,734.07,표준배출계수,2021-12-03,2024-12-02
644,2021-644,에이치디현대에너지솔루션(주),음성공장,HiS-S480ZJ-ON,HiS-S480ZJ-ON_726.42kgCO2,480,726.42,표준배출계수,2021-12-03,2024-12-02
645,2021-645,에이치디현대에너지솔루션(주),음성공장,HiS-S485ZJ-ON,HiS-S485ZJ-ON_718.93kgCO2,485,718.93,표준배출계수,2021-12-03,2024-12-02
646,2021-646,에이치디현대에너지솔루션(주),음성공장,HiS-S470ZJ-ON,HiS-S470ZJ-ON_654.67kgCO2,470,654.67,표준배출계수,2021-12-03,2024-12-02
647,2021-647,에이치디현대에너지솔루션(주),음성공장,HiS-S475ZJ-ON,HiS-S475ZJ-ON_647.78kgCO2,475,647.78,표준배출계수,2021-12-03,2024-12-02
648,2021-648,에이치디현대에너지솔루션(주),음성공장,HiS-S480ZJ-ON,HiS-S480ZJ-ON_641.03kgCO2,480,641.03,표준배출계수,2024-12-03,2027-12-02
649,2021-649,에이치디현대에너지솔루션(주),음성공장,HiS-S485ZJ-ON,HiS-S485ZJ-ON_634.42kgCO2,485,634.42,표준배출계수,2021-12-03,2024-12-02
650,2021-650,에이치디현대에너지솔루션(주),음성공장,HiS-S470ZJ-ON,HiS-S470ZJ-ON_580.24kgCO2,470,580.24,표준배출계수,2021-12-03,2024-12-02
651,2021-651,에이치디현대에너지솔루션(주),음성공장,HiS-S475ZJ-ON,HiS-S475ZJ-ON_574.13kgCO2,475,574.13,표준배출계수,2021-12-03,2024-12-02
652,2021-652,에이치디현대에너지솔루션(주),음성공장,HiS-S480ZJ-ON,HiS-S480ZJ-ON_568.15kgCO2,480,568.15,표준배출계수,2021-12-03,2024-12-02
653,2021-653,에이치디현대에너지솔루션(주),음성공장,HiS-S485ZJ-ON,HiS-S485ZJ-ON_562.29kgCO2,485,562.29,표준배출계수,2021-12-03,2024-12-02
654,2021-654,에이치디현대에너지솔루션(주),음성공장,HiS-S470ZJ-ONC,HiS-S470ZJ-ONC_740.15kgCO2,470,740.15,표준배출계수,2021-12-03,2024-12-02
655,2021-655,에이치디현대에너지솔루션(주),음성공장,HiS-S475ZJ-ONC,HiS-S475ZJ-ONC_732.36kgCO2,475,732.36,표준배출계수,2021-12-03,2024-12-02
656,2021-656,에이치디현대에너지솔루션(주),음성공장,HiS-S480ZJ-ONC,HiS-S480ZJ-ONC_724.73kgCO2,480,724.73,표준배출계수,2021-12-03,2024-12-02
657,2021-657,에이치디현대에너지솔루션(주),음성공장,HiS-S485ZJ-ONC,HiS-S485ZJ-ONC_717.26kgCO2,485,717.26,표준배출계수,2021-12-03,2024-12-02
658,2021-658,에이치디현대에너지솔루션(주),음성공장,HiS-S470ZJ-ONC,HiS-S470ZJ-ONC_740.15kgCO2,470,740.15,표준배출계수,2021-12-03,2024-12-02
659,2021-659,에이치디현대에너지솔루션(주),음성공장,HiS-S475ZJ-ONC,HiS-S475ZJ-ONC_732.36kgCO2,475,732.36,표준배출계수,2021-12-03,2024-12-02
660,2021-660,에이치디현대에너지솔루션(주),음성공장,HiS-S480ZJ-ONC,HiS-S480ZJ-ONC_724.73kgCO2,480,724.73,표준배출계수,2021-12-03,2024-12-02
661,2021-661,에이치디현대에너지솔루션(주),음성공장,HiS-S485ZJ-ONC,HiS-S485ZJ-ONC_717.26kgCO2,485,717.26,표준배출계수,2021-12-03,2024-12-02
662,2021-662,에이치디현대에너지솔루션(주),음성공장,HiS-S470ZJ-ONC,HiS-S470ZJ-ONC_652.94kgCO2,470,652.94,표준배출계수,2021-12-03,2024-12-02
663,2021-663,에이치디현대에너지솔루션(주),음성공장,HiS-S475ZJ-ONC,HiS-S475ZJ-ONC_646.07kgCO2,475,646.07,표준배출계수,2021-12-03,2024-12-02
664,2021-664,에이치디현대에너지솔루션(주),음성공장,HiS-S480ZJ-ONC,HiS-S480ZJ-ONC_639.34kgCO2,480,639.34,표준배출계수,2021-12-03,2024-12-02
665,2021-665,에이치디현대에너지솔루션(주),음성공장,HiS-S485ZJ-ONC,HiS-S485ZJ-ONC_632.75kgCO2,485,632.75,표준배출계수,2021-12-03,2024-12-02
666,2021-666,에이치디현대에너지솔루션(주),음성공장,HiS-S470ZJ-ONC,HiS-S470ZJ-ONC_578.51kgCO2,470,578.51,표준배출계수,2021-12-03,2024-12-02
667,2021-667,에이치디현대에너지솔루션(주),음성공장,HiS-S475ZJ-ONC,HiS-S475ZJ-ONC_572.42kgCO2,475,572.42,표준배출계수,2021-12-03,2024-12-02
668,2021-668,에이치디현대에너지솔루션(주),음성공장,HiS-S480ZJ-ONC,HiS-S480ZJ-ONC_566.46kgCO2,480,566.46,표준배출계수,2021-12-03,2024-12-02
669,2021-669,에이치디현대에너지솔루션(주),음성공장,HiS-S485ZJ-ONC,HiS-S485ZJ-ONC_560.62kgCO2,485,560.62,표준배출계수,2021-12-03,2024-12-02
670,2021-670,에이치디현대에너지솔루션(주),음성공장,HiS-S470YJ-EN,HiS-S470YJ-EN_663.81kgCO2,470,663.81,표준배출계수,2021-12-03,2024-12-02
671,2021-671,에이치디현대에너지솔루션(주),음성공장,HiS-S475YJ-EN,HiS-S475YJ-EN_656.82kgCO2,475,656.82,표준배출계수,2021-12-03,2024-12-02
672,2021-672,에이치디현대에너지솔루션(주),음성공장,HiS-S480YJ-EN,HiS-S480YJ-EN_649.98kgCO2,480,649.98,표준배출계수,2024-12-03,2027-12-02
673,2021-673,에이치디현대에너지솔루션(주),음성공장,HiS-S485YJ-EN,HiS-S485YJ-EN_643.28kgCO2,485,643.28,표준배출계수,2024-12-03,2027-12-02
674,2021-674,한화솔루션(주),진천사업장,Q.PEAK DUO XL-G11.3/BFG KJ1 570,Q.PEAK DUO XL-G11.3/BFG KJ1 570_744.48kgCO2,570,744.48,표준배출계수,2024-12-03,2027-12-02
675,2021-675,한화솔루션(주),진천사업장,Q.PEAK DUO XL-G11.3/BFG KJ1 575,Q.PEAK DUO XL-G11.3/BFG KJ1 575_738.00kgCO2,575,738,표준배출계수,2024-12-03,2027-12-02
676,2021-676,한화솔루션(주),진천사업장,Q.PEAK DUO XL-G11.3/BFG KJ1 580,Q.PEAK DUO XL-G11.3/BFG KJ1 580_731.64kgCO2,580,731.64,표준배출계수,2024-12-03,2027-12-02
677,2021-677,한화솔루션(주),음성 제2사업장,Q.PEAK DUO XL-G11.3/BFG KR1 570,Q.PEAK DUO XL-G11.3/BFG KR1 570_744.48kgCO2,570,744.48,표준배출계수,2021-12-03,2024-12-02
678,2021-678,한화솔루션(주),음성 제2사업장,Q.PEAK DUO XL-G11.3/BFG KR1 575,Q.PEAK DUO XL-G11.3/BFG KR1 575_738.00kgCO2,575,738,표준배출계수,2021-12-03,2024-12-02
679,2021-679,한화솔루션(주),음성 제2사업장,Q.PEAK DUO XL-G11.3/BFG KR1 580,Q.PEAK DUO XL-G11.3/BFG KR1 580_731.64kgCO2,580,731.64,표준배출계수,2021-12-03,2024-12-02
680,2021-680,엘지전자(주),구미 제3공장,LG370S1C-U6.DKC,LG370S1C-U6.DKC_669.05kgCO2,370,669.05,표준배출계수,2021-12-03,2024-12-02
681,2021-681,엘지전자(주),구미 제3공장,LG375S1C-U6.DKC,LG375S1C-U6.DKC_660.13kgCO2,375,660.13,표준배출계수,2021-12-03,2024-12-02
682,2022-682,한화솔루션(주),진천사업장,Q.PEAK DUO MS-G10.d/BGT KR1 240,Q.PEAK DUO MS-G10.d/BGT KR1 240_766.64kgCO2,240,766.64,표준배출계수,2022-01-26,2025-01-25
683,2022-683,한솔에너지온,한솔에너지온 오창공장,HS540XD-GHE,HS540XD-GHE_733.18kgCO2,540,733.18,표준배출계수,2022-01-26,2025-01-25
684,2022-684,한솔에너지온,한솔에너지온 오창공장,HS545XD-GHE,HS545XD-GHE_726.46kgCO2,545,726.46,표준배출계수,2022-01-26,2025-01-25
685,2022-685,한솔에너지온,한솔에너지온 오창공장,HS550XD-GHE,HS550XD-GHE_719.85kgCO2,550,719.85,표준배출계수,2022-01-26,2025-01-25
686,2022-686,한솔에너지온,한솔에너지온 오창공장,HS475WE-GHD,HS475WE-GHD_670.81kgCO2,475,670.81,표준배출계수,2022-01-26,2025-01-25
687,2022-687,한솔에너지온,한솔에너지온 오창공장,HS480WE-GHD,HS480WE-GHD_663.82kgCO2,480,663.82,표준배출계수,2022-01-26,2025-01-25
688,2022-688,한솔에너지온,한솔에너지온 오창공장,HS485WE-GHD,HS485WE-GHD_656.98kgCO2,485,656.98,표준배출계수,2022-01-26,2025-01-25
689,2022-689,한솔에너지온,한솔에너지온 오창공장,HS490WE-GHD,HS490WE-GHD_650.27kgCO2,490,650.27,표준배출계수,2022-01-26,2025-01-25
690,2022-690,한솔에너지온,한솔에너지온 오창공장,HS495WE-GHD,HS495WE-GHD_643.71kgCO2,495,643.71,표준배출계수,2022-01-26,2025-01-25
691,2022-691,한솔에너지온,한솔에너지온 오창공장,HS500WE-GHD,HS500WE-GHD_637.27kgCO2,500,637.27,표준배출계수,2022-01-26,2025-01-25
692,2022-692,에이치디현대에너지솔루션(주),음성공장,HiS-S470YJ-EN,HiS-S470YJ-EN_750.12kgCO2,470,750.12,표준배출계수,2022-02-25,2025-02-24
693,2022-693,에이치디현대에너지솔루션(주),음성공장,HiS-S475YJ-EN,HiS-S475YJ-EN_742.22kgCO2,475,742.22,표준배출계수,2022-02-25,2025-02-24
694,2022-694,에이치디현대에너지솔루션(주),음성공장,HiS-S480YJ-EN,HiS-S480YJ-EN_734.49kgCO2,480,734.49,표준배출계수,2025-02-25,2028-02-24
695,2022-695,에이치디현대에너지솔루션(주),음성공장,HiS-S485YJ-EN,HiS-S485YJ-EN_726.92kgCO2,485,726.92,표준배출계수,2025-02-25,2028-02-24
696,2022-696,에이치디현대에너지솔루션(주),음성공장,HiS-S570OJ-ETH,HiS-S570OJ-ETH_748.90kgCO2,570,748.9,표준배출계수,2022-02-25,2025-02-24
697,2022-697,에이치디현대에너지솔루션(주),음성공장,HiS-S575OJ-ETH,HiS-S575OJ-ETH_742.39kgCO2,575,742.39,표준배출계수,2022-02-25,2025-02-24
698,2022-698,에이치디현대에너지솔루션(주),음성공장,HiS-S580OJ-ETH,HiS-S580OJ-ETH_735.99kgCO2,580,735.99,표준배출계수,2022-02-25,2025-02-24
699,2022-699,에이치디현대에너지솔루션(주),음성공장,HiS-S585OJ-ETH,HiS-S585OJ-ETH_729.70kgCO2,585,729.7,표준배출계수,2025-02-25,2028-02-24
700,2022-700,에이치디현대에너지솔루션(주),음성공장,HiS-S565OJ-ET,HiS-S565OJ-ET_760.49kgCO2,565,760.49,표준배출계수,2022-02-25,2025-02-24
701,2022-701,에이치디현대에너지솔루션(주),음성공장,HiS-S570OJ-ET,HiS-S570OJ-ET_753.81kgCO2,570,753.81,표준배출계수,2022-02-25,2025-02-24
702,2022-702,에이치디현대에너지솔루션(주),음성공장,HiS-S575OJ-ET,HiS-S575OJ-ET_747.26kgCO2,575,747.26,표준배출계수,2022-02-25,2025-02-24
703,2022-703,에이치디현대에너지솔루션(주),음성공장,HiS-S580OJ-ET,HiS-S580OJ-ET_740.82kgCO2,580,740.82,표준배출계수,2022-02-25,2025-02-24
704,2022-704,에이치디현대에너지솔루션(주),음성공장,HiS-S585OJ-ET,HiS-S585OJ-ET_734.49kgCO2,585,734.49,표준배출계수,2022-02-25,2025-02-24
705,2022-705,한화솔루션(주),진천사업장,Q.PEAK DUO ML-G11.5/BFG KJ1 490,Q.PEAK DUO ML-G11.5/BFG KJ1 490_743.83kgCO2,490,743.83,표준배출계수,2022-02-25,2025-02-24
706,2022-706,한화솔루션(주),진천사업장,Q.PEAK DUO ML-G11.5/BFG KJ1 495,Q.PEAK DUO ML-G11.5/BFG KJ1 495_736.31kgCO2,495,736.31,표준배출계수,2022-02-25,2025-02-24
707,2022-707,한화솔루션(주),진천사업장,Q.PEAK DUO ML-G11.5/BFG KJ1 500,Q.PEAK DUO ML-G11.5/BFG KJ1 500_728.95kgCO2,500,728.95,표준배출계수,2025-02-25,2028-02-24
708,2022-708,한화솔루션(주),진천사업장,Q.PEAK DUO ML-G11.5/BFG KJ2 490,Q.PEAK DUO ML-G11.5/BFG KJ2 490_743.83kgCO2,490,743.83,표준배출계수,2022-02-25,2025-02-24
709,2022-709,한화솔루션(주),진천사업장,Q.PEAK DUO ML-G11.5/BFG KJ2 495,Q.PEAK DUO ML-G11.5/BFG KJ2 495_736.31kgCO2,495,736.31,표준배출계수,2022-02-25,2025-02-24
710,2022-710,한화솔루션(주),진천사업장,Q.PEAK DUO ML-G11.5/BFG KJ2 500,Q.PEAK DUO ML-G11.5/BFG KJ2 500_728.95kgCO2,500,728.95,표준배출계수,2025-02-25,2028-02-24
711,2022-711,한화솔루션(주),진천사업장,Q.PEAK DUO ML-G11.5/BFG KJ1 490,Q.PEAK DUO ML-G11.5/BFG KJ1 490_753.68kgCO2,490,753.68,표준배출계수,2022-02-25,2025-02-24
712,2022-712,한화솔루션(주),진천사업장,Q.PEAK DUO ML-G11.5/BFG KJ1 495,Q.PEAK DUO ML-G11.5/BFG KJ1 495_746.07kgCO2,495,746.07,표준배출계수,2022-02-25,2025-02-24
713,2022-713,한화솔루션(주),진천사업장,Q.PEAK DUO ML-G11.5/BFG KJ1 500,Q.PEAK DUO ML-G11.5/BFG KJ1 500_738.61kgCO2,500,738.61,표준배출계수,2022-02-25,2025-02-24
714,2022-714,한화솔루션(주),진천사업장,Q.PEAK DUO ML-G11.5/BFG KJ2 490,Q.PEAK DUO ML-G11.5/BFG KJ2 490_753.68kgCO2,490,753.68,표준배출계수,2022-02-25,2025-02-24
715,2022-715,한화솔루션(주),진천사업장,Q.PEAK DUO ML-G11.5/BFG KJ2 495,Q.PEAK DUO ML-G11.5/BFG KJ2 495_746.07kgCO2,495,746.07,표준배출계수,2022-02-25,2025-02-24
716,2022-716,한화솔루션(주),진천사업장,Q.PEAK DUO ML-G11.5/BFG KJ2 500,Q.PEAK DUO ML-G11.5/BFG KJ2 500_738.61kgCO2,500,738.61,표준배출계수,2022-02-25,2025-02-24
717,2022-717,한화솔루션(주),진천사업장,Q.PEAK DUO XL-G11.3/BFG KJ1 575,Q.PEAK DUO XL-G11.3/BFG KJ1 575_725.08kgCO2,575,725.08,표준배출계수,2025-02-25,2028-02-24
718,2022-718,한화솔루션(주),진천사업장,Q.PEAK DUO XL-G11.3/BFG KJ1 580,Q.PEAK DUO XL-G11.3/BFG KJ1 580_718.83kgCO2,580,718.83,표준배출계수,2025-02-25,2028-02-24
719,2022-719,한화솔루션(주),진천사업장,Q.PEAK DUO XL-G11.3/BFG KJ1 570,Q.PEAK DUO XL-G11.3/BFG KJ1 570_710.37kgCO2,570,710.37,표준배출계수,2025-02-25,2028-02-24
720,2022-720,한화솔루션(주),진천사업장,Q.PEAK DUO XL-G11.3/BFG KJ1 575,Q.PEAK DUO XL-G11.3/BFG KJ1 575_704.19kgCO2,575,704.19,표준배출계수,2025-02-25,2028-02-24
721,2022-721,한화솔루션(주),진천사업장,Q.PEAK DUO XL-G11.3/BFG KJ1 580,Q.PEAK DUO XL-G11.3/BFG KJ1 580_698.12kgCO2,580,698.12,표준배출계수,2025-02-25,2028-02-24
722,2022-722,한화솔루션(주),진천사업장,Q.PEAK DUO XL-G11.3/BFG KJ1 585,Q.PEAK DUO XL-G11.3/BFG KJ1 585_692.15kgCO2,585,692.15,표준배출계수,2025-02-25,2028-02-24
723,2022-723,한화솔루션(주),진천사업장,Q.PEAK DUO XL-G11.3/BFG KJ1 580,Q.PEAK DUO XL-G11.3/BFG KJ1 580_728.82kgCO2,580,728.82,표준배출계수,2025-02-25,2028-02-24
724,2022-724,한화솔루션(주),진천사업장,Q.PEAK DUO XL-G11.3/BFG KJ1 585,Q.PEAK DUO XL-G11.3/BFG KJ1 585_722.59kgCO2,585,722.59,표준배출계수,2025-02-25,2028-02-24
725,2022-725,한화솔루션(주),음성 제2사업장,Q.PEAK DUO XL-G11.3/BFG KR1 575,Q.PEAK DUO XL-G11.3/BFG KR1 575_725.08kgCO2,575,725.08,표준배출계수,2022-02-25,2025-02-24
726,2022-726,한화솔루션(주),음성 제2사업장,Q.PEAK DUO XL-G11.3/BFG KR1 580,Q.PEAK DUO XL-G11.3/BFG KR1 580_718.83kgCO2,580,718.83,표준배출계수,2022-02-25,2025-02-24
727,2022-727,한화솔루션(주),음성 제2사업장,Q.PEAK DUO XL-G11.3/BFG KR1 570,Q.PEAK DUO XL-G11.3/BFG KR1 570_710.37kgCO2,570,710.37,표준배출계수,2022-02-25,2025-02-24
728,2022-728,한화솔루션(주),음성 제2사업장,Q.PEAK DUO XL-G11.3/BFG KR1 575,Q.PEAK DUO XL-G11.3/BFG KR1 575_704.19kgCO2,575,704.19,표준배출계수,2022-02-25,2025-02-24
729,2022-729,한화솔루션(주),음성 제2사업장,Q.PEAK DUO XL-G11.3/BFG KR1 580,Q.PEAK DUO XL-G11.3/BFG KR1 580_698.12kgCO2,580,698.12,표준배출계수,2022-02-25,2025-02-24
730,2022-730,한화솔루션(주),음성 제2사업장,Q.PEAK DUO XL-G11.3/BFG KR1 585,Q.PEAK DUO XL-G11.3/BFG KR1 585_692.15kgCO2,585,692.15,표준배출계수,2022-02-25,2025-02-24
731,2022-731,한화솔루션(주),음성 제2사업장,Q.PEAK DUO XL-G11.3/BFG KR1 580,Q.PEAK DUO XL-G11.3/BFG KR1 580_728.82kgCO2,580,728.82,표준배출계수,2022-02-25,2025-02-24
732,2022-732,한화솔루션(주),음성 제2사업장,Q.PEAK DUO XL-G11.3/BFG KR1 585,Q.PEAK DUO XL-G11.3/BFG KR1 585_722.59kgCO2,585,722.59,표준배출계수,2022-02-25,2025-02-24
733,2022-733,한화솔루션(주),음성 제2사업장,Q.PEAK DUO XL-G11.6 KR1 565,Q.PEAK DUO XL-G11.6 KR1 565_818.55kgCO2,565,818.55,표준배출계수,2022-02-25,2025-02-24
734,2022-734,한화솔루션(주),음성 제2사업장,Q.PEAK DUO XL-G11.6 KR1 570,Q.PEAK DUO XL-G11.6 KR1 570_811.37kgCO2,570,811.37,표준배출계수,2022-02-25,2025-02-24
735,2022-735,한화솔루션(주),음성 제2사업장,Q.PEAK DUO XL-G11.6 KR1 575,Q.PEAK DUO XL-G11.6 KR1 575_804.32kgCO2,575,804.32,표준배출계수,2022-02-25,2025-02-24
736,2022-736,한화솔루션(주),음성 제2사업장,Q.PEAK DUO XL-G11.7 KR1 570,Q.PEAK DUO XL-G11.7 KR1 570_746.90kgCO2,570,746.9,표준배출계수,2022-02-25,2025-02-24
737,2022-737,한화솔루션(주),음성 제2사업장,Q.PEAK DUO XL-G11.7 KR1 575,Q.PEAK DUO XL-G11.7 KR1 575_740.40kgCO2,575,740.4,표준배출계수,2022-02-25,2025-02-24
738,2022-738,한화솔루션(주),음성 제2사업장,Q.PEAK DUO XL-G11.7 KR1 580,Q.PEAK DUO XL-G11.7 KR1 580_734.02kgCO2,580,734.02,표준배출계수,2022-02-25,2025-02-24
739,2022-739,한화솔루션(주),음성 제2사업장,Q.PEAK DUO XL-G11.7/BFG KR1 570,Q.PEAK DUO XL-G11.7/BFG KR1 570_747.59kgCO2,570,747.59,표준배출계수,2022-02-25,2025-02-24
740,2022-740,한화솔루션(주),음성 제2사업장,Q.PEAK DUO XL-G11.7/BFG KR1 575,Q.PEAK DUO XL-G11.7/BFG KR1 575_741.09kgCO2,575,741.09,표준배출계수,2022-02-25,2025-02-24
741,2022-741,한화솔루션(주),음성 제2사업장,Q.PEAK DUO XL-G11.7/BFG KR1 580,Q.PEAK DUO XL-G11.7/BFG KR1 580_734.70kgCO2,580,734.7,표준배출계수,2022-02-25,2025-02-24
742,2022-742,한솔에너지온,한솔에너지온 오창공장,HS475WE-GHD,HS475WE-GHD_757.11kgCO2,475,757.11,표준배출계수,2022-02-25,2025-02-24
743,2022-743,한솔에너지온,한솔에너지온 오창공장,HS480WE-GHD,HS480WE-GHD_749.22kgCO2,480,749.22,표준배출계수,2022-02-25,2025-02-24
744,2022-744,한솔에너지온,한솔에너지온 오창공장,HS485WE-GHD,HS485WE-GHD_741.50kgCO2,485,741.5,표준배출계수,2022-02-25,2025-02-24
745,2022-745,한솔에너지온,한솔에너지온 오창공장,HS490WE-GHD,HS490WE-GHD_733.93kgCO2,490,733.93,표준배출계수,2022-02-25,2025-02-24
746,2022-746,한솔에너지온,한솔에너지온 오창공장,HS495WE-GHD,HS495WE-GHD_726.52kgCO2,495,726.52,표준배출계수,2022-02-25,2025-02-24
747,2022-747,한솔에너지온,한솔에너지온 오창공장,HS500WE-GHD,HS500WE-GHD_719.25kgCO2,500,719.25,표준배출계수,2022-02-25,2025-02-24
748,2022-748,한솔에너지온,한솔에너지온 오창공장,HS485WE-GHD10,HS485WE-GHD10_674.35kgCO2,485,674.35,표준배출계수,2022-02-25,2025-02-24
749,2022-749,한솔에너지온,한솔에너지온 오창공장,HS490WE-GHD10,HS490WE-GHD10_667.47kgCO2,490,667.47,표준배출계수,2022-02-25,2025-02-24
750,2022-750,한솔에너지온,한솔에너지온 오창공장,HS495WE-GHD10,HS495WE-GHD10_660.73kgCO2,495,660.73,표준배출계수,2022-02-25,2025-02-24
751,2022-751,한솔에너지온,한솔에너지온 오창공장,HS500WE-GHD10,HS500WE-GHD10_654.12kgCO2,500,654.12,표준배출계수,2022-02-25,2025-02-24
752,2022-752,(주)신성이엔지,김제공장,SS-DM545BD,SS-DM545BD_724.69kgCO2,545,724.69,표준배출계수,2022-04-01,2025-03-31
753,2022-753,(주)신성이엔지,김제공장,SS-CM490PS,SS-CM490PS_759.61kgCO2,490,759.61,표준배출계수,2022-04-01,2025-03-31
754,2022-754,(주)신성이엔지,김제공장,SS-CM495PS,SS-CM495PS_751.93kgCO2,495,751.93,표준배출계수,2022-04-01,2025-03-31
755,2022-755,(주)신성이엔지,김제공장,SS-CM500PS,SS-CM500PS_744.42kgCO2,500,744.42,표준배출계수,2022-04-01,2025-03-31
756,2022-756,(주)에스에너지,(주)에스에너지 대전공장,SL45-72BGI-445S,SL45-72BGI-445S_660.88kgCO2,445,660.88,표준배출계수,2022-04-01,2025-03-31
757,2022-757,(주)에스에너지,(주)에스에너지 대전공장,SL45-72BGI-450S,SL45-72BGI-450S_653.53kgCO2,450,653.53,표준배출계수,2022-04-01,2025-03-31
758,2022-758,(주)에스에너지,(주)에스에너지 대전공장,SL45-72BGI-455S,SL45-72BGI-455S_646.35kgCO2,455,646.35,표준배출계수,2022-04-01,2025-03-31
759,2022-759,(주)에스에너지,(주)에스에너지 대전공장,SL45-72BGI-445S,SL45-72BGI-445S_643.05kgCO2,445,643.05,표준배출계수,2022-04-01,2025-03-31
760,2022-760,(주)에스에너지,(주)에스에너지 대전공장,SL45-72BGI-450S,SL45-72BGI-450S_635.91kgCO2,450,635.91,표준배출계수,2025-04-01,2028-03-31
761,2022-761,(주)에스에너지,(주)에스에너지 대전공장,SL45-72BGI-455S,SL45-72BGI-455S_628.92kgCO2,455,628.92,표준배출계수,2022-04-01,2025-03-31
762,2022-762,(주)에스에너지,(주)에스에너지 대전공장,SL45-78BGI-475S,SL45-78BGI-475S_737.66kgCO2,475,737.66,표준배출계수,2022-04-01,2025-03-31
763,2022-763,(주)에스에너지,(주)에스에너지 대전공장,SL45-78BGI-480S,SL45-78BGI-480S_729.98kgCO2,480,729.98,표준배출계수,2025-04-01,2028-03-31
764,2022-764,(주)에스에너지,(주)에스에너지 대전공장,SL45-78BGI-485S,SL45-78BGI-485S_722.45kgCO2,485,722.45,표준배출계수,2025-04-01,2028-03-31
765,2022-765,(주)에스에너지,(주)에스에너지 대전공장,SL45-78BGI-475S,SL45-78BGI-475S_651.60kgCO2,475,651.6,표준배출계수,2022-04-01,2025-03-31
766,2022-766,(주)에스에너지,(주)에스에너지 대전공장,SL45-78BGI-480S,SL45-78BGI-480S_644.81kgCO2,480,644.81,표준배출계수,2022-04-01,2025-03-31
767,2022-767,(주)에스에너지,(주)에스에너지 대전공장,SL45-78BGI-485S,SL45-78BGI-485S_638.16kgCO2,485,638.16,표준배출계수,2022-04-01,2025-03-31
768,2022-768,(주)에스에너지,(주)에스에너지 대전공장,SL65-72BGJ-540S,SL65-72BGJ-540S_718.37kgCO2,540,718.37,표준배출계수,2022-04-01,2025-03-31
769,2022-769,(주)에스에너지,(주)에스에너지 대전공장,SL65-72BGJ-545S,SL65-72BGJ-545S_711.78kgCO2,545,711.78,표준배출계수,2022-04-01,2025-03-31
770,2022-770,(주)에스에너지,(주)에스에너지 대전공장,SL65-72BGJ-550S,SL65-72BGJ-550S_705.31kgCO2,550,705.31,표준배출계수,2022-04-01,2025-03-31
771,2022-771,한화솔루션(주),음성 제2사업장,Q.PEAK DUO XL-G11.3/BFG KR1 570,Q.PEAK DUO XL-G11.3/BFG KR1 570_701.12kgCO2,570,701.12,표준배출계수,2022-04-01,2025-03-31
772,2022-772,한화솔루션(주),음성 제2사업장,Q.PEAK DUO XL-G11.3/BFG KR1 575,Q.PEAK DUO XL-G11.3/BFG KR1 575_695.02kgCO2,575,695.02,표준배출계수,2022-04-01,2025-03-31
773,2022-773,한화솔루션(주),음성 제2사업장,Q.PEAK DUO XL-G11.3/BFG KR1 580,Q.PEAK DUO XL-G11.3/BFG KR1 580_689.03kgCO2,580,689.03,표준배출계수,2022-04-01,2025-03-31
774,2022-774,한화솔루션(주),음성 제2사업장,Q.PEAK DUO XL-G11.3/BFG KR1 585,Q.PEAK DUO XL-G11.3/BFG KR1 585_683.14kgCO2,585,683.14,표준배출계수,2022-04-01,2025-03-31
775,2022-775,한화솔루션(주),음성 제2사업장,Q.PEAK DUO XL-G10.3 KR1 470,Q.PEAK DUO XL-G10.3 KR1 470_702.33kgCO2,470,702.33,표준배출계수,2022-04-01,2025-03-31
776,2022-776,한화솔루션(주),음성 제2사업장,Q.PEAK DUO XL-G10.3 KR1 475,Q.PEAK DUO XL-G10.3 KR1 475_694.94kgCO2,475,694.94,표준배출계수,2022-04-01,2025-03-31
777,2022-777,한화솔루션(주),음성 제2사업장,Q.PEAK DUO XL-G10.3 KR1 480,Q.PEAK DUO XL-G10.3 KR1 480_687.70kgCO2,480,687.7,표준배출계수,2022-04-01,2025-03-31
778,2022-778,한화솔루션(주),음성 제2사업장,Q.PEAK DUO XL-G10.3 KR1 485,Q.PEAK DUO XL-G10.3 KR1 485_680.61kgCO2,485,680.61,표준배출계수,2022-04-01,2025-03-31
779,2022-779,한화솔루션(주),음성 제2사업장,Q.PEAK DUO XL-G10.3 KR1 470,Q.PEAK DUO XL-G10.3 KR1 470_644.73kgCO2,470,644.73,표준배출계수,2022-04-01,2025-03-31
780,2022-780,한화솔루션(주),음성 제2사업장,Q.PEAK DUO XL-G10.3 KR1 475,Q.PEAK DUO XL-G10.3 KR1 475_637.94kgCO2,475,637.94,표준배출계수,2022-04-01,2025-03-31
781,2022-781,한화솔루션(주),음성 제2사업장,Q.PEAK DUO XL-G10.3 KR1 480,Q.PEAK DUO XL-G10.3 KR1 480_631.30kgCO2,480,631.3,표준배출계수,2022-04-01,2025-03-31
782,2022-782,한화솔루션(주),음성 제2사업장,Q.PEAK DUO XL-G10.3 KR1 485,Q.PEAK DUO XL-G10.3 KR1 485_624.79kgCO2,485,624.79,표준배출계수,2022-04-01,2025-03-31
783,2022-783,한화솔루션(주),음성 제2사업장,Q.PEAK DUO XL-G10.3/BFG KR1 465,Q.PEAK DUO XL-G10.3/BFG KR1 465_708.66kgCO2,465,708.66,표준배출계수,2022-04-01,2025-03-31
784,2022-784,한화솔루션(주),음성 제2사업장,Q.PEAK DUO XL-G10.3/BFG KR1 470,Q.PEAK DUO XL-G10.3/BFG KR1 470_701.12kgCO2,470,701.12,표준배출계수,2022-04-01,2025-03-31
785,2022-785,한화솔루션(주),음성 제2사업장,Q.PEAK DUO XL-G10.3/BFG KR1 475,Q.PEAK DUO XL-G10.3/BFG KR1 475_693.74kgCO2,475,693.74,표준배출계수,2022-04-01,2025-03-31
786,2022-786,한화솔루션(주),음성 제2사업장,Q.PEAK DUO XL-G10.3/BFG KR1 480,Q.PEAK DUO XL-G10.3/BFG KR1 480_686.51kgCO2,480,686.51,표준배출계수,2022-04-01,2025-03-31
787,2022-787,한화솔루션(주),음성 제2사업장,Q.PEAK DUO XL-G10.3/BFG KR1 465,Q.PEAK DUO XL-G10.3/BFG KR1 465_650.43kgCO2,465,650.43,표준배출계수,2025-04-01,2028-03-31
788,2022-788,한화솔루션(주),음성 제2사업장,Q.PEAK DUO XL-G10.3/BFG KR1 470,Q.PEAK DUO XL-G10.3/BFG KR1 470_643.51kgCO2,470,643.51,표준배출계수,2025-04-01,2028-03-31
789,2022-789,한화솔루션(주),음성 제2사업장,Q.PEAK DUO XL-G10.3/BFG KR1 475,Q.PEAK DUO XL-G10.3/BFG KR1 475_636.74kgCO2,475,636.74,표준배출계수,2025-04-01,2028-03-31
790,2022-790,한화솔루션(주),음성 제2사업장,Q.PEAK DUO XL-G10.3/BFG KR1 480,Q.PEAK DUO XL-G10.3/BFG KR1 480_630.11kgCO2,480,630.11,표준배출계수,2025-04-01,2028-03-31
791,2022-791,한화솔루션(주),진천사업장,Q.PEAK DUO XL-G11.3/BFG KJ1 570,Q.PEAK DUO XL-G11.3/BFG KJ1 570_701.12kgCO2,570,701.12,표준배출계수,2025-04-01,2028-03-31
792,2022-792,한화솔루션(주),진천사업장,Q.PEAK DUO XL-G11.3/BFG KJ1 575,Q.PEAK DUO XL-G11.3/BFG KJ1 575_695.02kgCO2,575,695.02,표준배출계수,2025-04-01,2028-03-31
793,2022-793,한화솔루션(주),진천사업장,Q.PEAK DUO XL-G11.3/BFG KJ1 580,Q.PEAK DUO XL-G11.3/BFG KJ1 580_689.03kgCO2,580,689.03,표준배출계수,2025-04-01,2028-03-31
794,2022-794,한화솔루션(주),진천사업장,Q.PEAK DUO XL-G11.3/BFG KJ1 585,Q.PEAK DUO XL-G11.3/BFG KJ1 585_683.14kgCO2,585,683.14,표준배출계수,2025-04-01,2028-03-31
795,2022-795,한화솔루션(주),진천사업장,Q.PEAK DUO XL-G10.d KR1 470,Q.PEAK DUO XL-G10.d KR1 470_643.41kgCO2,470,643.41,표준배출계수,2022-04-01,2025-03-31
796,2022-796,한화솔루션(주),진천사업장,Q.PEAK DUO XL-G10.d KR1 475,Q.PEAK DUO XL-G10.d KR1 475_636.64kgCO2,475,636.64,표준배출계수,2022-04-01,2025-03-31
797,2022-797,한화솔루션(주),진천사업장,Q.PEAK DUO XL-G10.d KR1 480,Q.PEAK DUO XL-G10.d KR1 480_630.01kgCO2,480,630.01,표준배출계수,2022-04-01,2025-03-31
798,2022-798,한화솔루션(주),진천사업장,Q.PEAK DUO XL-G10.d/BFG KR1 465,Q.PEAK DUO XL-G10.d/BFG KR1 465_651.61kgCO2,465,651.61,표준배출계수,2025-04-01,2028-03-31
799,2022-799,한화솔루션(주),진천사업장,Q.PEAK DUO XL-G10.d/BFG KR1 470,Q.PEAK DUO XL-G10.d/BFG KR1 470_644.67kgCO2,470,644.67,표준배출계수,2025-04-01,2028-03-31
800,2022-800,한화솔루션(주),진천사업장,Q.PEAK DUO XL-G10.d/BFG KR1 475,Q.PEAK DUO XL-G10.d/BFG KR1 475_637.89kgCO2,475,637.89,표준배출계수,2025-04-01,2028-03-31
801,2022-801,한화솔루션(주),진천사업장,Q.PEAK DUO XL-G10.d/BFG KR1 480,Q.PEAK DUO XL-G10.d/BFG KR1 480_631.24kgCO2,480,631.24,표준배출계수,2025-04-01,2028-03-31
802,2022-802,한화솔루션(주),진천사업장,Q.PEAK DUO XL-G10.d KR1 470,Q.PEAK DUO XL-G10.d KR1 470_701.02kgCO2,470,701.02,표준배출계수,2022-04-01,2025-03-31
803,2022-803,한화솔루션(주),진천사업장,Q.PEAK DUO XL-G10.d KR1 475,Q.PEAK DUO XL-G10.d KR1 475_693.64kgCO2,475,693.64,표준배출계수,2022-04-01,2025-03-31
804,2022-804,한화솔루션(주),진천사업장,Q.PEAK DUO XL-G10.d KR1 480,Q.PEAK DUO XL-G10.d KR1 480_686.41kgCO2,480,686.41,표준배출계수,2022-04-01,2025-03-31
805,2022-805,한화솔루션(주),진천사업장,Q.PEAK DUO XL-G10.d/BFG KR1 465,Q.PEAK DUO XL-G10.d/BFG KR1 465_709.83kgCO2,465,709.83,표준배출계수,2025-04-01,2028-03-31
806,2022-806,한화솔루션(주),진천사업장,Q.PEAK DUO XL-G10.d/BFG KR1 470,Q.PEAK DUO XL-G10.d/BFG KR1 470_702.28kgCO2,470,702.28,표준배출계수,2025-04-01,2028-03-31
807,2022-807,한화솔루션(주),진천사업장,Q.PEAK DUO XL-G10.d/BFG KR1 475,Q.PEAK DUO XL-G10.d/BFG KR1 475_694.89kgCO2,475,694.89,표준배출계수,2025-04-01,2028-03-31
808,2022-808,한화솔루션(주),진천사업장,Q.PEAK DUO XL-G10.d/BFG KR1 480,Q.PEAK DUO XL-G10.d/BFG KR1 480_687.65kgCO2,480,687.65,표준배출계수,2025-04-01,2028-03-31
809,2022-809,에이치디현대에너지솔루션(주),음성공장,HiS-S565OJ-OT,HiS-S565OJ-OT_744.25kgCO2,565,744.25,표준배출계수,2022-04-01,2025-03-31
810,2022-810,에이치디현대에너지솔루션(주),음성공장,HiS-S570OJ-OT,HiS-S570OJ-OT_737.72kgCO2,570,737.72,표준배출계수,2022-04-01,2025-03-31
811,2022-811,에이치디현대에너지솔루션(주),음성공장,HiS-S575OJ-OT,HiS-S575OJ-OT_731.31kgCO2,575,731.31,표준배출계수,2022-04-01,2025-03-31
812,2022-812,에이치디현대에너지솔루션(주),음성공장,HiS-S580OJ-OT,HiS-S580OJ-OT_725.00kgCO2,580,725,표준배출계수,2022-04-01,2025-03-31
813,2022-813,에이치디현대에너지솔루션(주),음성공장,HiS-S585OJ-OT,HiS-S585OJ-OT_718.80kgCO2,585,718.8,표준배출계수,2022-04-01,2025-03-31
814,2022-814,에이치디현대에너지솔루션(주),음성공장,HiS-S490YJ-EN,HiS-S490YJ-EN_719.40kgCO2,490,719.4,표준배출계수,2025-04-01,2028-03-31
815,2022-815,에이치디현대에너지솔루션(주),음성공장,HiS-S495YJ-EN,HiS-S495YJ-EN_712.14kgCO2,495,712.14,표준배출계수,2025-04-01,2028-03-31
816,2022-816,에이치디현대에너지솔루션(주),음성공장,HiS-S500YJ-EN,HiS-S500YJ-EN_705.01kgCO2,500,705.01,표준배출계수,2025-04-01,2028-03-31
817,2022-817,에이치디현대에너지솔루션(주),음성공장,HiS-S490YJ-EN,HiS-S490YJ-EN_635.75kgCO2,490,635.75,표준배출계수,2025-04-01,2028-03-31
818,2022-818,에이치디현대에너지솔루션(주),음성공장,HiS-S495YJ-EN,HiS-S495YJ-EN_629.33kgCO2,495,629.33,표준배출계수,2025-04-01,2028-03-31
819,2022-819,에이치디현대에너지솔루션(주),음성공장,HiS-S500YJ-EN,HiS-S500YJ-EN_623.04kgCO2,500,623.04,표준배출계수,2025-04-01,2028-03-31
820,2022-820,에이치디현대에너지솔루션(주),음성공장,HiS-S490YJ-ON,HiS-S490YJ-ON_548.76kgCO2,490,548.76,표준배출계수,2025-04-01,2028-03-31
821,2022-821,에이치디현대에너지솔루션(주),음성공장,HiS-S490YJ-ON,HiS-S490YJ-ON_620.15kgCO2,490,620.15,표준배출계수,2025-04-01,2028-03-31
822,2022-822,에이치디현대에너지솔루션(주),음성공장,HiS-S460YJ-ON,HiS-S460YJ-ON_663.74kgCO2,460,663.74,표준배출계수,2022-04-01,2025-03-31
823,2022-823,에이치디현대에너지솔루션(주),음성공장,HiS-S465YJ-ON,HiS-S465YJ-ON_656.60kgCO2,465,656.6,표준배출계수,2022-04-01,2025-03-31
824,2022-824,에이치디현대에너지솔루션(주),음성공장,HiS-S470YJ-ON,HiS-S470YJ-ON_651.03kgCO2,470,651.03,표준배출계수,2022-04-01,2025-03-31
825,2022-825,에이치디현대에너지솔루션(주),음성공장,HiS-S475YJ-ON,HiS-S475YJ-ON_644.17kgCO2,475,644.17,표준배출계수,2022-04-01,2025-03-31
826,2022-826,에이치디현대에너지솔루션(주),음성공장,HiS-S480YJ-ON,HiS-S480YJ-ON_637.46kgCO2,480,637.46,표준배출계수,2025-04-01,2028-03-31
827,2022-827,에이치디현대에너지솔루션(주),음성공장,HiS-S485YJ-ON,HiS-S485YJ-ON_630.89kgCO2,485,630.89,표준배출계수,2025-04-01,2028-03-31
828,2022-828,에이치디현대에너지솔루션(주),음성공장,HiS-S460YJ-ON,HiS-S460YJ-ON_752.84kgCO2,460,752.84,표준배출계수,2022-04-01,2025-03-31
829,2022-829,에이치디현대에너지솔루션(주),음성공장,HiS-S465YJ-ON,HiS-S465YJ-ON_744.75kgCO2,465,744.75,표준배출계수,2022-04-01,2025-03-31
830,2022-830,에이치디현대에너지솔루션(주),음성공장,HiS-S470YJ-ON,HiS-S470YJ-ON_736.82kgCO2,470,736.82,표준배출계수,2022-04-01,2025-03-31
831,2022-831,에이치디현대에너지솔루션(주),음성공장,HiS-S475YJ-ON,HiS-S475YJ-ON_729.07kgCO2,475,729.07,표준배출계수,2022-04-01,2025-03-31
832,2022-832,에이치디현대에너지솔루션(주),음성공장,HiS-S480YJ-ON,HiS-S480YJ-ON_721.47kgCO2,480,721.47,표준배출계수,2022-04-01,2025-03-31
833,2022-833,에이치디현대에너지솔루션(주),음성공장,HiS-S485YJ-ON,HiS-S485YJ-ON_714.04kgCO2,485,714.04,표준배출계수,2022-04-01,2025-03-31
834,2022-834,에스디엔(주),광주첨단공장,Sdm550-HBA-A1,Sdm550-HBA-A1_717.95kgCO2,550,717.95,표준배출계수,2025-04-29,2028-04-28
835,2022-835,에스디엔(주),광주첨단공장,Sdm545-HBA-A1,Sdm545-HBA-A1_724.54kgCO2,545,724.54,표준배출계수,2022-04-29,2025-04-28
836,2022-836,에스디엔(주),광주첨단공장,Sdm540-HBA-A1,Sdm540-HBA-A1_731.24kgCO2,540,731.24,표준배출계수,2022-04-29,2025-04-28
837,2022-837,한솔에너지온,한솔에너지온 오창공장,HS485WE-GHD10,HS485WE-GHD10_734.93kgCO2,485,734.93,표준배출계수,2022-04-29,2025-04-28
838,2022-838,한솔에너지온,한솔에너지온 오창공장,HS490WE-GHD10,HS490WE-GHD10_727.43kgCO2,490,727.43,표준배출계수,2022-04-29,2025-04-28
839,2022-839,한솔에너지온,한솔에너지온 오창공장,HS495WE-GHD10,HS495WE-GHD10_720.08kgCO2,495,720.08,표준배출계수,2025-04-29,2028-04-28
840,2022-840,한솔에너지온,한솔에너지온 오창공장,HS500WE-GHD10,HS500WE-GHD10_712.88kgCO2,500,712.88,표준배출계수,2025-04-29,2028-04-28
841,2022-841,(주)에스에너지,(주)에스에너지 대전공장,SL45-72BGI-445S,SL45-72BGI-445S_728.11kgCO2,445,728.11,표준배출계수,2022-04-29,2025-04-28
842,2022-842,(주)에스에너지,(주)에스에너지 대전공장,SL45-72BGI-450S,SL45-72BGI-450S_720.02kgCO2,450,720.02,표준배출계수,2025-04-29,2028-04-28
843,2022-843,(주)에스에너지,(주)에스에너지 대전공장,SL45-72BGI-455S,SL45-72BGI-455S_712.11kgCO2,455,712.11,표준배출계수,2022-04-29,2025-04-28
844,2022-844,(주)에스에너지,(주)에스에너지 대전공장,SL45-72BGI-445S,SL45-72BGI-445S_643.28kgCO2,445,643.28,표준배출계수,2022-04-29,2025-04-28
845,2022-845,(주)에스에너지,(주)에스에너지 대전공장,SL45-72BGI-450S,SL45-72BGI-450S_636.13kgCO2,450,636.13,표준배출계수,2022-04-29,2025-04-28
846,2022-846,(주)에스에너지,(주)에스에너지 대전공장,SL45-72BGI-455S,SL45-72BGI-455S_629.14kgCO2,455,629.14,표준배출계수,2022-04-29,2025-04-28
847,2022-847,(주)에스에너지,(주)에스에너지 대전공장,SL45-78BGI-475S,SL45-78BGI-475S_669.45kgCO2,475,669.45,표준배출계수,2022-04-29,2025-04-28
848,2022-848,(주)에스에너지,(주)에스에너지 대전공장,SL45-78BGI-480S,SL45-78BGI-480S_662.48kgCO2,480,662.48,표준배출계수,2025-04-29,2028-04-28
849,2022-849,(주)에스에너지,(주)에스에너지 대전공장,SL45-78BGI-485S,SL45-78BGI-485S_655.65kgCO2,485,655.65,표준배출계수,2025-04-29,2028-04-28
850,2022-850,(주)에스에너지,(주)에스에너지 대전공장,SL45-78BGI-475S,SL45-78BGI-475S_651.37kgCO2,475,651.37,표준배출계수,2022-04-29,2025-04-28
851,2022-851,(주)에스에너지,(주)에스에너지 대전공장,SL45-78BGI-480S,SL45-78BGI-480S_644.59kgCO2,480,644.59,표준배출계수,2025-04-29,2028-04-28
852,2022-852,(주)에스에너지,(주)에스에너지 대전공장,SL45-78BGI-485S,SL45-78BGI-485S_637.94kgCO2,485,637.94,표준배출계수,2025-04-29,2028-04-28
853,2022-853,(주)에스에너지,(주)에스에너지 대전공장,SL65-66BAJ-490S,SL65-66BAJ-490S_727.61kgCO2,490,727.61,표준배출계수,2022-04-29,2025-04-28
854,2022-854,(주)에스에너지,(주)에스에너지 대전공장,SL65-66BAJ-495S,SL65-66BAJ-495S_720.26kgCO2,495,720.26,표준배출계수,2022-04-29,2025-04-28
855,2022-855,(주)에스에너지,(주)에스에너지 대전공장,SL65-66BAJ-500S,SL65-66BAJ-500S_713.06kgCO2,500,713.06,표준배출계수,2025-04-29,2028-04-28
856,2022-856,한화솔루션(주),진천사업장,Q.PEAK DUO XL-G10.d KR1 470,Q.PEAK DUO XL-G10.d KR1 470_654.13kgCO2,470,654.13,표준배출계수,2022-04-29,2025-04-28
857,2022-857,한화솔루션(주),진천사업장,Q.PEAK DUO XL-G10.d KR1 475,Q.PEAK DUO XL-G10.d KR1 475_647.25kgCO2,475,647.25,표준배출계수,2022-04-29,2025-04-28
858,2022-858,한화솔루션(주),진천사업장,Q.PEAK DUO XL-G10.d KR1 480,Q.PEAK DUO XL-G10.d KR1 480_640.51kgCO2,480,640.51,표준배출계수,2022-04-29,2025-04-28
859,2022-859,한화솔루션(주),진천사업장,Q.PEAK DUO XL-G10.d/BFG KR1 465,Q.PEAK DUO XL-G10.d/BFG KR1 465_663.67kgCO2,465,663.67,표준배출계수,2025-04-29,2028-04-28
860,2022-860,한화솔루션(주),진천사업장,Q.PEAK DUO XL-G10.d/BFG KR1 470,Q.PEAK DUO XL-G10.d/BFG KR1 470_656.61kgCO2,470,656.61,표준배출계수,2025-04-29,2028-04-28
861,2022-861,한화솔루션(주),진천사업장,Q.PEAK DUO XL-G10.d/BFG KR1 475,Q.PEAK DUO XL-G10.d/BFG KR1 475_649.70kgCO2,475,649.7,표준배출계수,2025-04-29,2028-04-28
862,2022-862,한화솔루션(주),진천사업장,Q.PEAK DUO XL-G10.d/BFG KR1 480,Q.PEAK DUO XL-G10.d/BFG KR1 480_642.93kgCO2,480,642.93,표준배출계수,2025-04-29,2028-04-28
863,2022-863,한화솔루션(주),진천사업장,Q.PEAK DUO XL-G11.3/BFG KJ1 570,Q.PEAK DUO XL-G11.3/BFG KJ1 570_731.44kgCO2,570,731.44,표준배출계수,2022-04-29,2025-04-28
864,2022-864,한화솔루션(주),진천사업장,Q.PEAK DUO XL-G11.3/BFG KJ1 585,Q.PEAK DUO XL-G11.3/BFG KJ1 585_712.69kgCO2,585,712.69,표준배출계수,2025-04-29,2028-04-28
865,2022-865,한화솔루션(주),음성 제2사업장,Q.PEAK DUO XL-G10.3 KR1 470,Q.PEAK DUO XL-G10.3 KR1 470_655.45kgCO2,470,655.45,표준배출계수,2022-04-29,2025-04-28
866,2022-866,한화솔루션(주),음성 제2사업장,Q.PEAK DUO XL-G10.3 KR1 475,Q.PEAK DUO XL-G10.3 KR1 475_648.55kgCO2,475,648.55,표준배출계수,2022-04-29,2025-04-28
867,2022-867,한화솔루션(주),음성 제2사업장,Q.PEAK DUO XL-G10.3 KR1 480,Q.PEAK DUO XL-G10.3 KR1 480_641.79kgCO2,480,641.79,표준배출계수,2022-04-29,2025-04-28
868,2022-868,한화솔루션(주),음성 제2사업장,Q.PEAK DUO XL-G10.3 KR1 485,Q.PEAK DUO XL-G10.3 KR1 485_635.18kgCO2,485,635.18,표준배출계수,2022-04-29,2025-04-28
869,2022-869,한화솔루션(주),음성 제2사업장,Q.PEAK DUO XL-G10.3/BFG KR1 465,Q.PEAK DUO XL-G10.3/BFG KR1 465_662.48kgCO2,465,662.48,표준배출계수,2022-04-29,2025-04-28
870,2022-870,한화솔루션(주),음성 제2사업장,Q.PEAK DUO XL-G10.3/BFG KR1 470,Q.PEAK DUO XL-G10.3/BFG KR1 470_655.43kgCO2,470,655.43,표준배출계수,2022-04-29,2025-04-28
871,2022-871,한화솔루션(주),음성 제2사업장,Q.PEAK DUO XL-G10.3/BFG KR1 475,Q.PEAK DUO XL-G10.3/BFG KR1 475_648.53kgCO2,475,648.53,표준배출계수,2022-04-29,2025-04-28
872,2022-872,한화솔루션(주),음성 제2사업장,Q.PEAK DUO XL-G10.3/BFG KR1 480,Q.PEAK DUO XL-G10.3/BFG KR1 480_641.78kgCO2,480,641.78,표준배출계수,2022-04-29,2025-04-28
873,2022-873,한화솔루션(주),음성 제2사업장,Q.PEAK DUO XL-G11.3/BFG KR1 570,Q.PEAK DUO XL-G11.3/BFG KR1 570_731.44kgCO2,570,731.44,표준배출계수,2022-04-29,2025-04-28
874,2022-874,한화솔루션(주),음성 제2사업장,Q.PEAK DUO XL-G11.3/BFG KR1 585,Q.PEAK DUO XL-G11.3/BFG KR1 585_712.69kgCO2,585,712.69,표준배출계수,2022-04-29,2025-04-28
875,2022-875,에이치디현대에너지솔루션(주),음성공장,HiS-S470YJ-EN,HiS-S470YJ-EN_750.11kgCO2,470,750.11,표준배출계수,2022-04-29,2025-04-28
876,2022-876,에이치디현대에너지솔루션(주),음성공장,HiS-S475YJ-EN,HiS-S475YJ-EN_742.22kgCO2,475,742.22,표준배출계수,2022-04-29,2025-04-28
877,2022-877,에이치디현대에너지솔루션(주),음성공장,HiS-S480YJ-EN,HiS-S480YJ-EN_734.48kgCO2,480,734.48,표준배출계수,2022-04-29,2025-04-28
878,2022-878,에이치디현대에너지솔루션(주),음성공장,HiS-S485YJ-EN,HiS-S485YJ-EN_726.91kgCO2,485,726.91,표준배출계수,2022-04-29,2025-04-28
879,2022-879,에이치디현대에너지솔루션(주),음성공장,HiS-S490YJ-EN,HiS-S490YJ-EN_719.50kgCO2,490,719.5,표준배출계수,2025-04-29,2028-04-28
880,2022-880,에이치디현대에너지솔루션(주),음성공장,HiS-S495YJ-EN,HiS-S495YJ-EN_712.23kgCO2,495,712.23,표준배출계수,2025-04-29,2028-04-28
881,2022-881,에이치디현대에너지솔루션(주),음성공장,HiS-S500YJ-EN,HiS-S500YJ-EN_705.11kgCO2,500,705.11,표준배출계수,2025-04-29,2028-04-28
882,2022-882,에이치디현대에너지솔루션(주),음성공장,HiS-S490YJ-ON,HiS-S490YJ-ON_703.89kgCO2,490,703.89,표준배출계수,2022-04-29,2025-04-28
883,2022-883,에이치디현대에너지솔루션(주),음성공장,HiS-S490YJ-ON,HiS-S490YJ-ON_703.89kgCO2,490,703.89,표준배출계수,2022-04-29,2025-04-28
884,2022-884,에이치디현대에너지솔루션(주),음성공장,HiS-S565OJ-ET,HiS-S565OJ-ET_750.31kgCO2,565,750.31,표준배출계수,2022-04-29,2025-04-28
885,2022-885,에이치디현대에너지솔루션(주),음성공장,HiS-S570OJ-ET,HiS-S570OJ-ET_743.73kgCO2,570,743.73,표준배출계수,2022-04-29,2025-04-28
886,2022-886,에이치디현대에너지솔루션(주),음성공장,HiS-S575OJ-ET,HiS-S575OJ-ET_737.26kgCO2,575,737.26,표준배출계수,2022-04-29,2025-04-28
887,2022-887,에이치디현대에너지솔루션(주),음성공장,HiS-S580OJ-ET,HiS-S580OJ-ET_730.90kgCO2,580,730.9,표준배출계수,2022-04-29,2025-04-28
888,2022-888,에이치디현대에너지솔루션(주),음성공장,HiS-S585OJ-ET,HiS-S585OJ-ET_724.66kgCO2,585,724.66,표준배출계수,2025-04-29,2028-04-28
889,2022-889,에이치디현대에너지솔루션(주),음성공장,HiS-S590OJ-ET,HiS-S590OJ-ET_718.51kgCO2,590,718.51,표준배출계수,2025-04-29,2028-04-28
890,2022-890,에이치디현대에너지솔루션(주),음성공장,HiS-S595OJ-ET,HiS-S595OJ-ET_712.48kgCO2,595,712.48,표준배출계수,2025-04-29,2028-04-28
891,2022-891,에이치디현대에너지솔루션(주),음성공장,HiS-S570OJ-ETH,HiS-S570OJ-ETH_738.75kgCO2,570,738.75,표준배출계수,2022-04-29,2025-04-28
892,2022-892,에이치디현대에너지솔루션(주),음성공장,HiS-S575OJ-ETH,HiS-S575OJ-ETH_732.33kgCO2,575,732.33,표준배출계수,2022-04-29,2025-04-28
893,2022-893,에이치디현대에너지솔루션(주),음성공장,HiS-S580OJ-ETH,HiS-S580OJ-ETH_726.01kgCO2,580,726.01,표준배출계수,2022-04-29,2025-04-28
894,2022-894,에이치디현대에너지솔루션(주),음성공장,HiS-S585OJ-ETH,HiS-S585OJ-ETH_719.81kgCO2,585,719.81,표준배출계수,2025-04-29,2028-04-28
895,2022-895,에이치디현대에너지솔루션(주),음성공장,HiS-S590OJ-ETH,HiS-S590OJ-ETH_713.71kgCO2,590,713.71,표준배출계수,2025-04-29,2028-04-28
896,2022-896,에이치디현대에너지솔루션(주),음성공장,HiS-S595OJ-ETH,HiS-S595OJ-ETH_707.71kgCO2,595,707.71,표준배출계수,2025-04-29,2028-04-28
897,2022-897,에이치디현대에너지솔루션(주),음성공장,HiS-S590OJ-ETH,HiS-S590OJ-ETH_723.53kgCO2,590,723.53,표준배출계수,2025-04-29,2028-04-28
898,2022-898,에이치디현대에너지솔루션(주),음성공장,HiS-S595OJ-ETH,HiS-S595OJ-ETH_717.45kgCO2,595,717.45,표준배출계수,2025-04-29,2028-04-28
899,2022-899,(주)신성이엔지,김제공장,SS-DM550BD,SS-DM550BD_717.10kgCO2,550,717.1,표준배출계수,2022-05-31,2025-05-30
900,2022-900,(주)신성이엔지,김제공장,SS-DM550BD,SS-DM550BD_714.42kgCO2,550,714.42,표준배출계수,2022-05-31,2025-05-30
901,2022-901,(주)신성이엔지,김제공장,SS-DM545BD,SS-DM545BD_720.97kgCO2,545,720.97,표준배출계수,2022-05-31,2025-05-30
902,2022-902,(주)신성이엔지,김제공장,SS-DM550BD,SS-DM550BD_686.29kgCO2,550,686.29,표준배출계수,2022-05-31,2025-05-30
903,2022-903,(주)신성이엔지,김제공장,SS-DM545BD,SS-DM545BD_692.59kgCO2,545,692.59,표준배출계수,2022-05-31,2025-05-30
904,2022-904,(주)신성이엔지,김제공장,SS-DM540BD,SS-DM540BD_699.00kgCO2,540,699,표준배출계수,2022-05-31,2025-05-30
905,2022-905,에이치디현대에너지솔루션(주),음성공장,HiS-S570OJ-ET,HiS-S570OJ-ET_743.73kgCO2,570,743.73,표준배출계수,2022-05-31,2025-05-30
906,2022-906,에이치디현대에너지솔루션(주),음성공장,HiS-S575OJ-ET,HiS-S575OJ-ET_737.26kgCO2,575,737.26,표준배출계수,2022-05-31,2025-05-30
907,2022-907,에이치디현대에너지솔루션(주),음성공장,HiS-S580OJ-ET,HiS-S580OJ-ET_730.90kgCO2,580,730.9,표준배출계수,2022-05-31,2025-05-30
908,2022-908,에이치디현대에너지솔루션(주),음성공장,HiS-S585OJ-ET,HiS-S585OJ-ET_724.66kgCO2,585,724.66,표준배출계수,2025-05-31,2028-05-30
909,2022-909,에이치디현대에너지솔루션(주),음성공장,HiS-S590OJ-ET,HiS-S590OJ-ET_718.51kgCO2,590,718.51,표준배출계수,2025-05-31,2028-05-30
910,2022-910,에이치디현대에너지솔루션(주),음성공장,HiS-S595OJ-ET,HiS-S595OJ-ET_712.48kgCO2,595,712.48,표준배출계수,2025-05-31,2028-05-30
911,2022-911,한솔에너지온,한솔에너지온 오창공장,HS485WE-GHD10,HS485WE-GHD10_618.35kgCO2,485,618.35,표준배출계수,2025-05-31,2028-05-30
912,2022-912,한솔에너지온,한솔에너지온 오창공장,HS490WE-GHD10,HS490WE-GHD10_612.04kgCO2,490,612.04,표준배출계수,2025-05-31,2028-05-30
913,2022-913,한솔에너지온,한솔에너지온 오창공장,HS495WE-GHD10,HS495WE-GHD10_605.85kgCO2,495,605.85,표준배출계수,2025-05-31,2028-05-30
914,2022-914,한솔에너지온,한솔에너지온 오창공장,HS500WE-GHD10,HS500WE-GHD10_599.80kgCO2,500,599.8,표준배출계수,2025-05-31,2028-05-30
915,2022-915,한솔에너지온,한솔에너지온 오창공장,HS505WE-GHD10,HS505WE-GHD10_593.86kgCO2,505,593.86,표준배출계수,2025-05-31,2028-05-30
916,2022-916,한솔에너지온,한솔에너지온 오창공장,HS485WE-GHD10,HS485WE-GHD10_625.06kgCO2,485,625.06,표준배출계수,2022-05-31,2025-05-30
917,2022-917,한솔에너지온,한솔에너지온 오창공장,HS490WE-GHD10,HS490WE-GHD10_618.68kgCO2,490,618.68,표준배출계수,2022-05-31,2025-05-30
918,2022-918,한솔에너지온,한솔에너지온 오창공장,HS495WE-GHD10,HS495WE-GHD10_612.43kgCO2,495,612.43,표준배출계수,2022-05-31,2025-05-30
919,2022-919,한솔에너지온,한솔에너지온 오창공장,HS500WE-GHD10,HS500WE-GHD10_606.31kgCO2,500,606.31,표준배출계수,2022-05-31,2025-05-30
920,2022-920,한솔에너지온,한솔에너지온 오창공장,HS505WE-GHD10,HS505WE-GHD10_600.30kgCO2,505,600.3,표준배출계수,2022-05-31,2025-05-30
921,2022-921,한솔에너지온,한솔에너지온 오창공장,HS485WE-GHD10,HS485WE-GHD10_741.45kgCO2,485,741.45,표준배출계수,2025-05-31,2028-05-30
922,2022-922,한솔에너지온,한솔에너지온 오창공장,HS490WE-GHD10,HS490WE-GHD10_733.89kgCO2,490,733.89,표준배출계수,2025-05-31,2028-05-30
923,2022-923,한솔에너지온,한솔에너지온 오창공장,HS495WE-GHD10,HS495WE-GHD10_726.47kgCO2,495,726.47,표준배출계수,2025-05-31,2028-05-30
924,2022-924,한솔에너지온,한솔에너지온 오창공장,HS500WE-GHD10,HS500WE-GHD10_719.21kgCO2,500,719.21,표준배출계수,2025-05-31,2028-05-30
925,2022-925,한솔에너지온,한솔에너지온 오창공장,HS505WE-GHD10,HS505WE-GHD10_712.09kgCO2,505,712.09,표준배출계수,2025-05-31,2028-05-30
926,2022-926,한화솔루션(주),진천사업장,Q.PEAK DUO ML-G11.5/BFG KJ1 490,Q.PEAK DUO ML-G11.5/BFG KJ1 490_733.67kgCO2,490,733.67,표준배출계수,2022-05-31,2025-05-30
927,2022-927,한화솔루션(주),진천사업장,Q.PEAK DUO ML-G11.5/BFG KJ1 495,Q.PEAK DUO ML-G11.5/BFG KJ1 495_726.26kgCO2,495,726.26,표준배출계수,2025-05-31,2028-05-30
928,2022-928,한화솔루션(주),진천사업장,Q.PEAK DUO ML-G11.5/BFG KJ1 500,Q.PEAK DUO ML-G11.5/BFG KJ1 500_719.00kgCO2,500,719,표준배출계수,2025-05-31,2028-05-30
929,2022-929,한화솔루션(주),진천사업장,Q.PEAK DUO ML-G11.5/BFG KJ1 505,Q.PEAK DUO ML-G11.5/BFG KJ1 505_711.88kgCO2,505,711.88,표준배출계수,2025-05-31,2028-05-30
930,2022-930,한화솔루션(주),진천사업장,Q.PEAK DUO ML-G11.5/BFG KJ1 510,Q.PEAK DUO ML-G11.5/BFG KJ1 510_704.90kgCO2,510,704.9,표준배출계수,2025-05-31,2028-05-30
931,2022-931,한화솔루션(주),진천사업장,Q.PEAK DUO ML-G11.5/BFG KJ2 490,Q.PEAK DUO ML-G11.5/BFG KJ2 490_733.61kgCO2,490,733.61,표준배출계수,2022-05-31,2025-05-30
932,2022-932,한화솔루션(주),진천사업장,Q.PEAK DUO ML-G11.5/BFG KJ2 495,Q.PEAK DUO ML-G11.5/BFG KJ2 495_726.20kgCO2,495,726.2,표준배출계수,2025-05-31,2028-05-30
933,2022-933,한화솔루션(주),진천사업장,Q.PEAK DUO ML-G11.5/BFG KJ2 500,Q.PEAK DUO ML-G11.5/BFG KJ2 500_718.94kgCO2,500,718.94,표준배출계수,2025-05-31,2028-05-30
934,2022-934,한화솔루션(주),진천사업장,Q.PEAK DUO ML-G11.5/BFG KJ1 505,Q.PEAK DUO ML-G11.5/BFG KJ1 505_721.83kgCO2,505,721.83,표준배출계수,2025-05-31,2028-05-30
935,2022-935,한화솔루션(주),진천사업장,Q.PEAK DUO ML-G11.5/BFG KJ1 510,Q.PEAK DUO ML-G11.5/BFG KJ1 510_714.75kgCO2,510,714.75,표준배출계수,2025-05-31,2028-05-30
936,2022-936,한화솔루션(주),진천사업장,Q.PEAK DUO XL-G11.3/BFG KJ1 570,Q.PEAK DUO XL-G11.3/BFG KJ1 570_721.27kgCO2,570,721.27,표준배출계수,2025-05-31,2028-05-30
937,2022-937,한화솔루션(주),진천사업장,Q.PEAK DUO XL-G11.3/BFG KJ1 575,Q.PEAK DUO XL-G11.3/BFG KJ1 575_715.00kgCO2,575,715,표준배출계수,2025-05-31,2028-05-30
938,2022-938,한화솔루션(주),진천사업장,Q.PEAK DUO XL-G11.3/BFG KJ1 580,Q.PEAK DUO XL-G11.3/BFG KJ1 580_708.84kgCO2,580,708.84,표준배출계수,2025-05-31,2028-05-30
939,2022-939,한화솔루션(주),진천사업장,Q.PEAK DUO XL-G11.3/BFG KJ1 585,Q.PEAK DUO XL-G11.3/BFG KJ1 585_702.78kgCO2,585,702.78,표준배출계수,2025-05-31,2028-05-30
940,2022-940,한화솔루션(주),음성 제2사업장,Q.PEAK DUO XL-G11.3/BFG KR1 570,Q.PEAK DUO XL-G11.3/BFG KR1 570_721.27kgCO2,570,721.27,표준배출계수,2022-05-31,2025-05-30
941,2022-941,한화솔루션(주),음성 제2사업장,Q.PEAK DUO XL-G11.3/BFG KR1 575,Q.PEAK DUO XL-G11.3/BFG KR1 575_715.00kgCO2,575,715,표준배출계수,2022-05-31,2025-05-30
942,2022-942,한화솔루션(주),음성 제2사업장,Q.PEAK DUO XL-G11.3/BFG KR1 580,Q.PEAK DUO XL-G11.3/BFG KR1 580_708.84kgCO2,580,708.84,표준배출계수,2022-05-31,2025-05-30
943,2022-943,한화솔루션(주),음성 제2사업장,Q.PEAK DUO XL-G11.3/BFG KR1 585,Q.PEAK DUO XL-G11.3/BFG KR1 585_702.78kgCO2,585,702.78,표준배출계수,2022-05-31,2025-05-30
944,2022-944,한화솔루션(주),음성 제2사업장,Q.PEAK DUO XL-G10.3/BFG KR1 465,Q.PEAK DUO XL-G10.3/BFG KR1 465_644.02kgCO2,465,644.02,표준배출계수,2025-05-31,2028-05-30
945,2022-945,한화솔루션(주),음성 제2사업장,Q.PEAK DUO XL-G10.3/BFG KR1 470,Q.PEAK DUO XL-G10.3/BFG KR1 470_637.17kgCO2,470,637.17,표준배출계수,2025-05-31,2028-05-30
946,2022-946,한화솔루션(주),음성 제2사업장,Q.PEAK DUO XL-G10.3/BFG KR1 475,Q.PEAK DUO XL-G10.3/BFG KR1 475_630.46kgCO2,475,630.46,표준배출계수,2025-05-31,2028-05-30
947,2022-947,한화솔루션(주),음성 제2사업장,Q.PEAK DUO XL-G10.3/BFG KR1 480,Q.PEAK DUO XL-G10.3/BFG KR1 480_623.89kgCO2,480,623.89,표준배출계수,2025-05-31,2028-05-30
948,2022-948,한화솔루션(주),음성 제2사업장,Q.PEAK DUO XL-G10.3 KR1 470,Q.PEAK DUO XL-G10.3 KR1 470_637.18kgCO2,470,637.18,표준배출계수,2022-05-31,2025-05-30
949,2022-949,한화솔루션(주),음성 제2사업장,Q.PEAK DUO XL-G10.3 KR1 475,Q.PEAK DUO XL-G10.3 KR1 475_630.47kgCO2,475,630.47,표준배출계수,2022-05-31,2025-05-30
950,2022-950,한화솔루션(주),음성 제2사업장,Q.PEAK DUO XL-G10.3 KR1 480,Q.PEAK DUO XL-G10.3 KR1 480_623.90kgCO2,480,623.9,표준배출계수,2022-05-31,2025-05-30
951,2022-951,한화솔루션(주),음성 제2사업장,Q.PEAK DUO XL-G10.3 KR1 485,Q.PEAK DUO XL-G10.3 KR1 485_617.47kgCO2,485,617.47,표준배출계수,2022-05-31,2025-05-30
952,2022-952,에이치디현대에너지솔루션(주),음성공장,HiS-S470ZJ-ON,HiS-S470ZJ-ON_743.35kgCO2,470,743.35,표준배출계수,2022-05-31,2025-05-30
953,2022-953,에이치디현대에너지솔루션(주),음성공장,HiS-S475ZJ-ON,HiS-S475ZJ-ON_735.52kgCO2,475,735.52,표준배출계수,2022-05-31,2025-05-30
954,2022-954,에이치디현대에너지솔루션(주),음성공장,HiS-S480ZJ-ON,HiS-S480ZJ-ON_727.86kgCO2,480,727.86,표준배출계수,2025-05-31,2028-05-30
955,2022-955,에이치디현대에너지솔루션(주),음성공장,HiS-S485ZJ-ON,HiS-S485ZJ-ON_720.36kgCO2,485,720.36,표준배출계수,2022-05-31,2025-05-30
956,2022-956,에이치디현대에너지솔루션(주),음성공장,HiS-S485XJ-EN,HiS-S485XJ-EN_719.84kgCO2,485,719.84,표준배출계수,2022-07-01,2025-06-30
957,2022-957,에이치디현대에너지솔루션(주),음성공장,HiS-S490XJ-EN,HiS-S490XJ-EN_712.49kgCO2,490,712.49,표준배출계수,2022-07-01,2025-06-30
958,2022-958,에이치디현대에너지솔루션(주),음성공장,HiS-S495XJ-EN,HiS-S495XJ-EN_705.30kgCO2,495,705.3,표준배출계수,2022-07-01,2025-06-30
959,2022-959,에이치디현대에너지솔루션(주),음성공장,HiS-S500XJ-EN,HiS-S500XJ-EN_698.24kgCO2,500,698.24,표준배출계수,2025-07-01,2028-06-30
960,2022-960,에이치디현대에너지솔루션(주),음성공장,HiS-S490YJ-ON,HiS-S490YJ-ON_567.13kgCO2,490,567.13,표준배출계수,2022-07-01,2025-06-30
961,2022-961,에이치디현대에너지솔루션(주),음성공장,HiS-S495YJ-ON,HiS-S495YJ-ON_561.40kgCO2,495,561.4,표준배출계수,2022-07-01,2025-06-30
962,2022-962,에이치디현대에너지솔루션(주),음성공장,HiS-S500YJ-ON,HiS-S500YJ-ON_555.78kgCO2,500,555.78,표준배출계수,2022-07-01,2025-06-30
963,2022-963,에이치디현대에너지솔루션(주),음성공장,HiS-S490YJ-ON,HiS-S490YJ-ON_703.46kgCO2,490,703.46,표준배출계수,2025-07-01,2028-06-30
964,2022-964,에이치디현대에너지솔루션(주),음성공장,HiS-S495YJ-ON,HiS-S495YJ-ON_696.35kgCO2,495,696.35,표준배출계수,2025-07-01,2028-06-30
965,2022-965,에이치디현대에너지솔루션(주),음성공장,HiS-S500YJ-ON,HiS-S500YJ-ON_689.39kgCO2,500,689.39,표준배출계수,2025-07-01,2028-06-30
966,2022-966,에이치디현대에너지솔루션(주),음성공장,HiS-S470YJ-ON,HiS-S470YJ-ON_591.26kgCO2,470,591.26,표준배출계수,2022-07-01,2025-06-30
967,2022-967,에이치디현대에너지솔루션(주),음성공장,HiS-S475YJ-ON,HiS-S475YJ-ON_585.04kgCO2,475,585.04,표준배출계수,2022-07-01,2025-06-30
968,2022-968,에이치디현대에너지솔루션(주),음성공장,HiS-S480YJ-ON,HiS-S480YJ-ON_578.94kgCO2,480,578.94,표준배출계수,2022-07-01,2025-06-30
969,2022-969,에이치디현대에너지솔루션(주),음성공장,HiS-S485YJ-ON,HiS-S485YJ-ON_572.97kgCO2,485,572.97,표준배출계수,2022-07-01,2025-06-30
970,2022-970,에이치디현대에너지솔루션(주),음성공장,HiS-S490YJ-ON,HiS-S490YJ-ON_567.13kgCO2,490,567.13,표준배출계수,2022-07-01,2025-06-30
971,2022-971,에이치디현대에너지솔루션(주),음성공장,HiS-S495YJ-ON,HiS-S495YJ-ON_561.40kgCO2,495,561.4,표준배출계수,2022-07-01,2025-06-30
972,2022-972,에이치디현대에너지솔루션(주),음성공장,HiS-S500YJ-ON,HiS-S500YJ-ON_555.78kgCO2,500,555.78,표준배출계수,2022-07-01,2025-06-30
973,2022-973,에이치디현대에너지솔루션(주),음성공장,HiS-S470YJ-ON,HiS-S470YJ-ON_591.72kgCO2,470,591.72,표준배출계수,2022-07-01,2025-06-30
974,2022-974,에이치디현대에너지솔루션(주),음성공장,HiS-S475YJ-ON,HiS-S475YJ-ON_585.49kgCO2,475,585.49,표준배출계수,2022-07-01,2025-06-30
975,2022-975,에이치디현대에너지솔루션(주),음성공장,HiS-S480YJ-ON,HiS-S480YJ-ON_579.39kgCO2,480,579.39,표준배출계수,2022-07-01,2025-06-30
976,2022-976,에이치디현대에너지솔루션(주),음성공장,HiS-S485YJ-ON,HiS-S485YJ-ON_573.42kgCO2,485,573.42,표준배출계수,2025-07-01,2028-06-30
977,2022-977,에이치디현대에너지솔루션(주),음성공장,HiS-S490YJ-ON,HiS-S490YJ-ON_567.56kgCO2,490,567.56,표준배출계수,2025-07-01,2028-06-30
978,2022-978,에이치디현대에너지솔루션(주),음성공장,HiS-S495YJ-ON,HiS-S495YJ-ON_561.83kgCO2,495,561.83,표준배출계수,2025-07-01,2028-06-30
979,2022-979,에이치디현대에너지솔루션(주),음성공장,HiS-S500YJ-ON,HiS-S500YJ-ON_556.21kgCO2,500,556.21,표준배출계수,2022-07-01,2025-06-30
980,2022-980,(주)탑선,장성공장,TOP CLASS 590P,TOP CLASS 590P_728.78kgCO2,590,728.78,표준배출계수,2022-07-01,2025-06-30
981,2022-981,(주)탑선,장성공장,TOP CLASS 595P,TOP CLASS 595P_722.66kgCO2,595,722.66,표준배출계수,2022-07-01,2025-06-30
982,2022-982,한화솔루션(주),진천사업장,Q.PEAK DUO XL-G10.d/BFG KR1 465,Q.PEAK DUO XL-G10.d/BFG KR1 465_645.33kgCO2,465,645.33,표준배출계수,2025-07-01,2028-06-30
983,2022-983,한화솔루션(주),진천사업장,Q.PEAK DUO XL-G10.d/BFG KR1 470,Q.PEAK DUO XL-G10.d/BFG KR1 470_638.47kgCO2,470,638.47,표준배출계수,2025-07-01,2028-06-30
984,2022-984,한화솔루션(주),진천사업장,Q.PEAK DUO XL-G10.d/BFG KR1 475,Q.PEAK DUO XL-G10.d/BFG KR1 475_631.74kgCO2,475,631.74,표준배출계수,2025-07-01,2028-06-30
985,2022-985,한화솔루션(주),진천사업장,Q.PEAK DUO XL-G10.d/BFG KR1 480,Q.PEAK DUO XL-G10.d/BFG KR1 480_625.16kgCO2,480,625.16,표준배출계수,2025-07-01,2028-06-30
986,2022-986,한화솔루션(주),진천사업장,Q.PEAK DUO XL-G10.d KR1 470,Q.PEAK DUO XL-G10.d KR1 470_635.88kgCO2,470,635.88,표준배출계수,2022-07-01,2025-06-30
987,2022-987,한화솔루션(주),진천사업장,Q.PEAK DUO XL-G10.d KR1 475,Q.PEAK DUO XL-G10.d KR1 475_629.19kgCO2,475,629.19,표준배출계수,2022-07-01,2025-06-30
988,2022-988,한화솔루션(주),진천사업장,Q.PEAK DUO XL-G10.d KR1 480,Q.PEAK DUO XL-G10.d KR1 480_622.63kgCO2,480,622.63,표준배출계수,2022-07-01,2025-06-30
989,2022-989,한화솔루션(주),음성 제2사업장,Q.PEAK DUO XL-G10.3 KR1 470,Q.PEAK DUO XL-G10.3 KR1 470_710.17kgCO2,470,710.17,표준배출계수,2022-07-25,2025-07-24
990,2022-990,한화솔루션(주),음성 제2사업장,Q.PEAK DUO XL-G10.3 KR1 475,Q.PEAK DUO XL-G10.3 KR1 475_702.69kgCO2,475,702.69,표준배출계수,2022-07-25,2025-07-24
991,2022-991,한화솔루션(주),음성 제2사업장,Q.PEAK DUO XL-G10.3 KR1 480,Q.PEAK DUO XL-G10.3 KR1 480_695.37kgCO2,480,695.37,표준배출계수,2022-07-25,2025-07-24
992,2022-992,한화솔루션(주),음성 제2사업장,Q.PEAK DUO XL-G10.3 KR1 485,Q.PEAK DUO XL-G10.3 KR1 485_688.20kgCO2,485,688.2,표준배출계수,2022-07-25,2025-07-24
993,2022-993,한화솔루션(주),음성 제2사업장,Q.PEAK DUO XL-G10.3/BFG KR1 465,Q.PEAK DUO XL-G10.3/BFG KR1 465_717.80kgCO2,465,717.8,표준배출계수,2022-07-25,2025-07-24
994,2022-994,한화솔루션(주),음성 제2사업장,Q.PEAK DUO XL-G10.3/BFG KR1 470,Q.PEAK DUO XL-G10.3/BFG KR1 470_710.16kgCO2,470,710.16,표준배출계수,2022-07-25,2025-07-24
995,2022-995,한화솔루션(주),음성 제2사업장,Q.PEAK DUO XL-G10.3/BFG KR1 475,Q.PEAK DUO XL-G10.3/BFG KR1 475_702.69kgCO2,475,702.69,표준배출계수,2022-07-25,2025-07-24
996,2022-996,한화솔루션(주),음성 제2사업장,Q.PEAK DUO XL-G10.3/BFG KR1 480,Q.PEAK DUO XL-G10.3/BFG KR1 480_695.37kgCO2,480,695.37,표준배출계수,2022-07-25,2025-07-24
997,2022-997,에이치디현대에너지솔루션(주),음성공장,HiS-S490YJ-ON,HiS-S490YJ-ON_619.76kgCO2,490,619.76,표준배출계수,2025-07-25,2028-07-24
998,2022-998,에이치디현대에너지솔루션(주),음성공장,HiS-S495YJ-ON,HiS-S495YJ-ON_613.50kgCO2,495,613.5,표준배출계수,2025-07-25,2028-07-24
999,2022-999,에이치디현대에너지솔루션(주),음성공장,HiS-S500YJ-ON,HiS-S500YJ-ON_607.37kgCO2,500,607.37,표준배출계수,2025-07-25,2028-07-24
1000,2022-1000,에이치디현대에너지솔루션(주),음성공장,HiS-S580OJ-ET,HiS-S580OJ-ET_710.92kgCO2,580,710.92,표준배출계수,2022-07-25,2025-07-24
1001,2022-1001,에이치디현대에너지솔루션(주),음성공장,HiS-S585OJ-ET,HiS-S585OJ-ET_704.84kgCO2,585,704.84,표준배출계수,2022-07-25,2025-07-24
1002,2022-1002,에이치디현대에너지솔루션(주),음성공장,HiS-S590OJ-ET,HiS-S590OJ-ET_698.87kgCO2,590,698.87,표준배출계수,2022-07-25,2025-07-24
1003,2022-1003,에이치디현대에너지솔루션(주),음성공장,HiS-S595OJ-ET,HiS-S595OJ-ET_692.99kgCO2,595,692.99,표준배출계수,2022-07-25,2025-07-24
1004,2022-1004,에이치디현대에너지솔루션(주),음성공장,HiS-S580OJ-ETH,HiS-S580OJ-ETH_706.04kgCO2,580,706.04,표준배출계수,2022-07-25,2025-07-24
1005,2022-1005,에이치디현대에너지솔루션(주),음성공장,HiS-S585OJ-ETH,HiS-S585OJ-ETH_700.00kgCO2,585,700,표준배출계수,2022-07-25,2025-07-24
1006,2022-1006,에이치디현대에너지솔루션(주),음성공장,HiS-S590OJ-ETH,HiS-S590OJ-ETH_694.07kgCO2,590,694.07,표준배출계수,2022-07-25,2025-07-24
1007,2022-1007,에이치디현대에너지솔루션(주),음성공장,HiS-S595OJ-ETH,HiS-S595OJ-ETH_688.24kgCO2,595,688.24,표준배출계수,2022-07-25,2025-07-24
1008,2022-1008,에이치디현대에너지솔루션(주),음성공장,HiS-S580OJ-ET,HiS-S580OJ-ET_710.92kgCO2,580,710.92,표준배출계수,2022-07-25,2025-07-24
1009,2022-1009,에이치디현대에너지솔루션(주),음성공장,HiS-S585OJ-ET,HiS-S585OJ-ET_704.84kgCO2,585,704.84,표준배출계수,2022-07-25,2025-07-24
1010,2022-1010,에이치디현대에너지솔루션(주),음성공장,HiS-S590OJ-ET,HiS-S590OJ-ET_698.87kgCO2,590,698.87,표준배출계수,2025-07-25,2028-07-24
1011,2022-1011,에이치디현대에너지솔루션(주),음성공장,HiS-S595OJ-ET,HiS-S595OJ-ET_692.99kgCO2,595,692.99,표준배출계수,2025-07-25,2028-07-24
1012,2022-1012,한화솔루션(주),진천사업장,Q.PEAK DUO XL-G10.d/BFG KR1 465,Q.PEAK DUO XL-G10.d/BFG KR1 465_644.02kgCO2,465,644.02,표준배출계수,2025-09-02,2028-09-01
1013,2022-1013,한화솔루션(주),진천사업장,Q.PEAK DUO XL-G10.d/BFG KR1 470,Q.PEAK DUO XL-G10.d/BFG KR1 470_637.17kgCO2,470,637.17,표준배출계수,2025-09-02,2028-09-01
1014,2022-1014,한화솔루션(주),진천사업장,Q.PEAK DUO XL-G10.d/BFG KR1 475,Q.PEAK DUO XL-G10.d/BFG KR1 475_630.46kgCO2,475,630.46,표준배출계수,2025-09-02,2028-09-01
1015,2022-1015,한화솔루션(주),진천사업장,Q.PEAK DUO XL-G10.d/BFG KR1 480,Q.PEAK DUO XL-G10.d/BFG KR1 480_623.89kgCO2,480,623.89,표준배출계수,2025-09-02,2028-09-01
1016,2022-1016,한화솔루션(주),진천사업장,Q.PEAK DUO XL-G10.d/BFG KR1 465,Q.PEAK DUO XL-G10.d/BFG KR1 465_650.42kgCO2,465,650.42,표준배출계수,2025-09-02,2028-09-01
1017,2022-1017,한화솔루션(주),진천사업장,Q.PEAK DUO XL-G10.d/BFG KR1 470,Q.PEAK DUO XL-G10.d/BFG KR1 470_643.50kgCO2,470,643.5,표준배출계수,2025-09-02,2028-09-01
1018,2022-1018,한화솔루션(주),진천사업장,Q.PEAK DUO XL-G10.d/BFG KR1 475,Q.PEAK DUO XL-G10.d/BFG KR1 475_636.73kgCO2,475,636.73,표준배출계수,2025-09-02,2028-09-01
1019,2022-1019,한화솔루션(주),진천사업장,Q.PEAK DUO XL-G10.d/BFG KR1 480,Q.PEAK DUO XL-G10.d/BFG KR1 480_630.09kgCO2,480,630.09,표준배출계수,2025-09-02,2028-09-01
1020,2022-1020,한화솔루션(주),진천사업장,Q.PEAK DUO XL-G10.d/BFG KR1 465,Q.PEAK DUO XL-G10.d/BFG KR1 465_668.89kgCO2,465,668.89,표준배출계수,2025-09-02,2028-09-01
1021,2022-1021,한화솔루션(주),진천사업장,Q.PEAK DUO XL-G10.d/BFG KR1 470,Q.PEAK DUO XL-G10.d/BFG KR1 470_661.77kgCO2,470,661.77,표준배출계수,2025-09-02,2028-09-01
1022,2022-1022,한화솔루션(주),진천사업장,Q.PEAK DUO XL-G10.d/BFG KR1 475,Q.PEAK DUO XL-G10.d/BFG KR1 475_654.81kgCO2,475,654.81,표준배출계수,2025-09-02,2028-09-01
1023,2022-1023,한화솔루션(주),진천사업장,Q.PEAK DUO XL-G10.d/BFG KR1 480,Q.PEAK DUO XL-G10.d/BFG KR1 480_647.99kgCO2,480,647.99,표준배출계수,2025-09-02,2028-09-01
1024,2022-1024,(주)신성이엔지,김제공장,SS-CM490BD,SS-CM490BD_737.40kgCO2,490,737.4,표준배출계수,2022-09-02,2025-08-22
1025,2022-1025,(주)신성이엔지,김제공장,SS-CM495BD,SS-CM495BD_729.95kgCO2,495,729.95,표준배출계수,2022-09-02,2025-08-22
1026,2022-1026,(주)신성이엔지,김제공장,SS-CM500BD,SS-CM500BD_722.65kgCO2,500,722.65,표준배출계수,2022-09-02,2025-08-22
1027,2022-1027,(주)신성이엔지,김제공장,SS-CM500PS,SS-CM500PS_723.55kgCO2,500,723.55,표준배출계수,2022-09-02,2025-08-22
1028,2022-1028,(주)신성이엔지,김제공장,SS-DM530BH,SS-DM530BH_773.84kgCO2,530,773.84,표준배출계수,2022-09-02,2025-08-22
1029,2022-1029,(주)신성이엔지,김제공장,SS-DM535BH,SS-DM535BH_766.61kgCO2,535,766.61,표준배출계수,2022-09-02,2025-08-22
1030,2022-1030,(주)신성이엔지,김제공장,SS-DM540BH,SS-DM540BH_759.51kgCO2,540,759.51,표준배출계수,2022-09-02,2025-08-22
1031,2022-1031,(주)신성이엔지,김제공장,SS-DM530BM,SS-DM530BM_772.27kgCO2,530,772.27,표준배출계수,2022-09-02,2025-06-20
1032,2022-1032,(주)신성이엔지,김제공장,SS-DM535BM,SS-DM535BM_765.05kgCO2,535,765.05,표준배출계수,2022-09-02,2025-06-20
1033,2022-1033,(주)신성이엔지,김제공장,SS-DM540BM,SS-DM540BM_757.97kgCO2,540,757.97,표준배출계수,2022-09-02,2025-06-20
1034,2022-1034,에이치디현대에너지솔루션(주),음성공장,HiS-S575OJ-OT,HiS-S575OJ-OT_721.25kgCO2,575,721.25,표준배출계수,2022-09-02,2025-09-01
1035,2022-1035,에이치디현대에너지솔루션(주),음성공장,HiS-S580OJ-OT,HiS-S580OJ-OT_715.03kgCO2,580,715.03,표준배출계수,2022-09-02,2025-09-01
1036,2022-1036,에이치디현대에너지솔루션(주),음성공장,HiS-S585OJ-OT,HiS-S585OJ-OT_708.92kgCO2,585,708.92,표준배출계수,2022-09-02,2025-09-01
1037,2022-1037,에이치디현대에너지솔루션(주),음성공장,HiS-S590OJ-OT,HiS-S590OJ-OT_702.91kgCO2,590,702.91,표준배출계수,2022-09-02,2025-09-01
1038,2022-1038,에이치디현대에너지솔루션(주),음성공장,HiS-S595OJ-OT,HiS-S595OJ-OT_697.00kgCO2,595,697,표준배출계수,2022-09-02,2025-09-01
1039,2022-1039,에이치디현대에너지솔루션(주),음성공장,HiS-S475YJ-ON,HiS-S475YJ-ON_678.33kgCO2,475,678.33,표준배출계수,2022-09-02,2025-09-01
1040,2022-1040,에이치디현대에너지솔루션(주),음성공장,HiS-S480YJ-ON,HiS-S480YJ-ON_671.26kgCO2,480,671.26,표준배출계수,2022-09-02,2025-09-01
1041,2022-1041,에이치디현대에너지솔루션(주),음성공장,HiS-S485YJ-ON,HiS-S485YJ-ON_664.34kgCO2,485,664.34,표준배출계수,2022-09-02,2025-09-01
1042,2022-1042,에이치디현대에너지솔루션(주),음성공장,HiS-S490YJ-ON,HiS-S490YJ-ON_657.56kgCO2,490,657.56,표준배출계수,2022-09-02,2025-09-01
1043,2022-1043,에이치디현대에너지솔루션(주),음성공장,HiS-S495YJ-ON,HiS-S495YJ-ON_650.92kgCO2,495,650.92,표준배출계수,2022-09-02,2025-09-01
1044,2022-1044,에이치디현대에너지솔루션(주),음성공장,HiS-S500YJ-ON,HiS-S500YJ-ON_644.41kgCO2,500,644.41,표준배출계수,2022-09-02,2025-09-01
1045,2022-1045,에이치디현대에너지솔루션(주),음성공장,HiS-S475YJ-ON,HiS-S475YJ-ON_677.88kgCO2,475,677.88,표준배출계수,2022-09-02,2025-09-01
1046,2022-1046,에이치디현대에너지솔루션(주),음성공장,HiS-S480YJ-ON,HiS-S480YJ-ON_670.82kgCO2,480,670.82,표준배출계수,2022-09-02,2025-09-01
1047,2022-1047,에이치디현대에너지솔루션(주),음성공장,HiS-S485YJ-ON,HiS-S485YJ-ON_663.90kgCO2,485,663.9,표준배출계수,2022-09-02,2025-09-01
1048,2022-1048,에이치디현대에너지솔루션(주),음성공장,HiS-S490YJ-ON,HiS-S490YJ-ON_657.13kgCO2,490,657.13,표준배출계수,2022-09-02,2025-09-01
1049,2022-1049,에이치디현대에너지솔루션(주),음성공장,HiS-S495YJ-ON,HiS-S495YJ-ON_650.49kgCO2,495,650.49,표준배출계수,2022-09-02,2025-09-01
1050,2022-1050,에이치디현대에너지솔루션(주),음성공장,HiS-S500YJ-ON,HiS-S500YJ-ON_643.98kgCO2,500,643.98,표준배출계수,2022-09-02,2025-09-01
1051,2022-1051,에이치디현대에너지솔루션(주),음성공장,HiS-S580OJ-OT,HiS-S580OJ-OT_667.95kgCO2,580,667.95,표준배출계수,2022-09-02,2025-09-01
1052,2022-1052,에이치디현대에너지솔루션(주),음성공장,HiS-S585OJ-OT,HiS-S585OJ-OT_662.24kgCO2,585,662.24,표준배출계수,2022-09-02,2025-09-01
1053,2022-1053,에이치디현대에너지솔루션(주),음성공장,HiS-S590OJ-OT,HiS-S590OJ-OT_656.63kgCO2,590,656.63,표준배출계수,2022-09-02,2025-09-01
1054,2022-1054,에이치디현대에너지솔루션(주),음성공장,HiS-S595OJ-OT,HiS-S595OJ-OT_651.11kgCO2,595,651.11,표준배출계수,2022-09-02,2025-09-01
1055,2022-1055,에이치디현대에너지솔루션(주),음성공장,HiS-S485YJ-EN,HiS-S485YJ-EN_728.88kgCO2,485,728.88,표준배출계수,2022-09-02,2025-09-01
1056,2022-1056,에이치디현대에너지솔루션(주),음성공장,HiS-S490YJ-EN,HiS-S490YJ-EN_721.44kgCO2,490,721.44,표준배출계수,2022-09-02,2025-09-01
1057,2022-1057,에이치디현대에너지솔루션(주),음성공장,HiS-S495YJ-EN,HiS-S495YJ-EN_714.15kgCO2,495,714.15,표준배출계수,2022-09-02,2025-09-01
1058,2022-1058,에이치디현대에너지솔루션(주),음성공장,HiS-S500YJ-EN,HiS-S500YJ-EN_707.01kgCO2,500,707.01,표준배출계수,2022-09-02,2025-09-01
1059,2022-1059,에스디피브이(주),강진공장,SPM455-HBB-A1,SPM455-HBB-A1_640.62kgCO2,455,640.62,표준배출계수,2022-09-02,2025-09-01
1060,2022-1060,에스디피브이(주),강진공장,SPM460-HBB-A1,SPM460-HBB-A1_633.66kgCO2,460,633.66,표준배출계수,2022-09-02,2025-09-01
1061,2022-1061,한화솔루션(주),진천사업장,Q.PEAK DUO XL-G11.3/BFG KJ2 575,Q.PEAK DUO XL-G11.3/BFG KJ2 575_667.51kgCO2,575,667.51,표준배출계수,2022-09-30,2025-09-29
1062,2022-1062,한화솔루션(주),진천사업장,Q.PEAK DUO XL-G11.3/BFG KJ2 580,Q.PEAK DUO XL-G11.3/BFG KJ2 580_661.76kgCO2,580,661.76,표준배출계수,2022-09-30,2025-09-29
1063,2022-1063,한화솔루션(주),진천사업장,Q.PEAK DUO XL-G11.3/BFG KJ2 585,Q.PEAK DUO XL-G11.3/BFG KJ2 585_656.10kgCO2,585,656.1,표준배출계수,2022-09-30,2025-09-29
1064,2022-1064,한화솔루션(주),진천사업장,Q.PEAK DUO XL-G11.3/BFG KJ2 575,Q.PEAK DUO XL-G11.3/BFG KJ2 575_668.13kgCO2,575,668.13,표준배출계수,2022-09-30,2025-09-29
1065,2022-1065,한화솔루션(주),진천사업장,Q.PEAK DUO XL-G11.3/BFG KJ2 580,Q.PEAK DUO XL-G11.3/BFG KJ2 580_662.37kgCO2,580,662.37,표준배출계수,2022-09-30,2025-09-29
1066,2022-1066,한화솔루션(주),진천사업장,Q.PEAK DUO XL-G11.3/BFG KJ2 585,Q.PEAK DUO XL-G11.3/BFG KJ2 585_656.71kgCO2,585,656.71,표준배출계수,2022-09-30,2025-09-29
1067,2022-1067,한화솔루션(주),음성 제2사업장,Q.PEAK DUO XL-G10.3 KR1 470,Q.PEAK DUO XL-G10.3 KR1 470_682.42kgCO2,470,682.42,표준배출계수,2022-09-30,2025-09-29
1068,2022-1068,한화솔루션(주),음성 제2사업장,Q.PEAK DUO XL-G10.3 KR1 475,Q.PEAK DUO XL-G10.3 KR1 475_675.24kgCO2,475,675.24,표준배출계수,2022-09-30,2025-09-29
1069,2022-1069,한화솔루션(주),음성 제2사업장,Q.PEAK DUO XL-G10.3 KR1 480,Q.PEAK DUO XL-G10.3 KR1 480_668.20kgCO2,480,668.2,표준배출계수,2022-09-30,2025-09-29
1070,2022-1070,한화솔루션(주),음성 제2사업장,Q.PEAK DUO XL-G10.3 KR1 485,Q.PEAK DUO XL-G10.3 KR1 485_661.31kgCO2,485,661.31,표준배출계수,2022-09-30,2025-09-29
1071,2022-1071,한화솔루션(주),음성 제2사업장,Q.PEAK DUO XL-G10.3/BFG KR1 465,Q.PEAK DUO XL-G10.3/BFG KR1 465_689.75kgCO2,465,689.75,표준배출계수,2022-09-30,2025-09-29
1072,2022-1072,한화솔루션(주),음성 제2사업장,Q.PEAK DUO XL-G10.3/BFG KR1 470,Q.PEAK DUO XL-G10.3/BFG KR1 470_682.41kgCO2,470,682.41,표준배출계수,2022-09-30,2025-09-29
1073,2022-1073,한화솔루션(주),음성 제2사업장,Q.PEAK DUO XL-G10.3/BFG KR1 475,Q.PEAK DUO XL-G10.3/BFG KR1 475_675.23kgCO2,475,675.23,표준배출계수,2022-09-30,2025-09-29
1074,2022-1074,한화솔루션(주),음성 제2사업장,Q.PEAK DUO XL-G10.3/BFG KR1 480,Q.PEAK DUO XL-G10.3/BFG KR1 480_668.20kgCO2,480,668.2,표준배출계수,2022-09-30,2025-09-29
1075,2022-1075,한화솔루션(주),음성 제2사업장,Q.PEAK DUO XL-G11.3/BFG KR2 575,Q.PEAK DUO XL-G11.3/BFG KR2 575_667.51kgCO2,575,667.51,표준배출계수,2022-09-30,2025-09-29
1076,2022-1076,한화솔루션(주),음성 제2사업장,Q.PEAK DUO XL-G11.3/BFG KR2 580,Q.PEAK DUO XL-G11.3/BFG KR2 580_661.76kgCO2,580,661.76,표준배출계수,2022-09-30,2025-09-29
1077,2022-1077,한화솔루션(주),음성 제2사업장,Q.PEAK DUO XL-G11.3/BFG KR2 585,Q.PEAK DUO XL-G11.3/BFG KR2 585_656.10kgCO2,585,656.1,표준배출계수,2022-09-30,2025-09-29
1078,2022-1078,한화솔루션(주),음성 제2사업장,Q.PEAK DUO XL-G11.3/BFG KR2 575,Q.PEAK DUO XL-G11.3/BFG KR2 575_668.13kgCO2,575,668.13,표준배출계수,2022-09-30,2025-09-29
1079,2022-1079,한화솔루션(주),음성 제2사업장,Q.PEAK DUO XL-G11.3/BFG KR2 580,Q.PEAK DUO XL-G11.3/BFG KR2 580_662.37kgCO2,580,662.37,표준배출계수,2022-09-30,2025-09-29
1080,2022-1080,한화솔루션(주),음성 제2사업장,Q.PEAK DUO XL-G11.3/BFG KR2 585,Q.PEAK DUO XL-G11.3/BFG KR2 585_656.71kgCO2,585,656.71,표준배출계수,2022-09-30,2025-09-29
1081,2022-1081,에이치디현대에너지솔루션(주),음성공장,HiS-S480YJ-EN,HiS-S480YJ-EN_582.53kgCO2,480,582.53,표준배출계수,2022-09-30,2025-09-29
1082,2022-1082,에이치디현대에너지솔루션(주),음성공장,HiS-S485YJ-EN,HiS-S485YJ-EN_576.53kgCO2,485,576.53,표준배출계수,2022-09-30,2025-09-29
1083,2022-1083,에이치디현대에너지솔루션(주),음성공장,HiS-S490YJ-EN,HiS-S490YJ-EN_570.64kgCO2,490,570.64,표준배출계수,2022-09-30,2025-09-29
1084,2022-1084,에이치디현대에너지솔루션(주),음성공장,HiS-S495YJ-EN,HiS-S495YJ-EN_564.88kgCO2,495,564.88,표준배출계수,2022-09-30,2025-09-29
1085,2022-1085,에이치디현대에너지솔루션(주),음성공장,HiS-S500YJ-EN,HiS-S500YJ-EN_559.23kgCO2,500,559.23,표준배출계수,2022-09-30,2025-09-29
1086,2022-1086,에이치디현대에너지솔루션(주),음성공장,HiS-S470YJ-ON,HiS-S470YJ-ON_578.66kgCO2,470,578.66,표준배출계수,2022-09-30,2025-09-29
1087,2022-1087,에이치디현대에너지솔루션(주),음성공장,HiS-S475YJ-ON,HiS-S475YJ-ON_572.57kgCO2,475,572.57,표준배출계수,2022-09-30,2025-09-29
1088,2022-1088,에이치디현대에너지솔루션(주),음성공장,HiS-S480YJ-ON,HiS-S480YJ-ON_566.61kgCO2,480,566.61,표준배출계수,2022-09-30,2025-09-29
1089,2022-1089,에이치디현대에너지솔루션(주),음성공장,HiS-S485YJ-ON,HiS-S485YJ-ON_560.76kgCO2,485,560.76,표준배출계수,2022-09-30,2025-09-29
1090,2022-1090,에이치디현대에너지솔루션(주),음성공장,HiS-S490YJ-ON,HiS-S490YJ-ON_555.04kgCO2,490,555.04,표준배출계수,2022-09-30,2025-09-29
1091,2022-1091,에이치디현대에너지솔루션(주),음성공장,HiS-S470YJ-ON,HiS-S470YJ-ON_631.31kgCO2,470,631.31,표준배출계수,2022-09-30,2025-09-29
1092,2022-1092,에이치디현대에너지솔루션(주),음성공장,HiS-S475YJ-ON,HiS-S475YJ-ON_624.66kgCO2,475,624.66,표준배출계수,2022-09-30,2025-09-29
1093,2022-1093,에이치디현대에너지솔루션(주),음성공장,HiS-S480YJ-ON,HiS-S480YJ-ON_618.16kgCO2,480,618.16,표준배출계수,2022-09-30,2025-09-29
1094,2022-1094,에이치디현대에너지솔루션(주),음성공장,HiS-S485YJ-ON,HiS-S485YJ-ON_611.78kgCO2,485,611.78,표준배출계수,2022-09-30,2025-09-29
1095,2022-1095,에이치디현대에너지솔루션(주),음성공장,HiS-S490YJ-ON,HiS-S490YJ-ON_605.54kgCO2,490,605.54,표준배출계수,2022-09-30,2025-09-29
1096,2022-1096,에이치디현대에너지솔루션(주),음성공장,HiS-S495YJ-ON,HiS-S495YJ-ON_599.42kgCO2,495,599.42,표준배출계수,2022-09-30,2025-09-29
1097,2022-1097,에이치디현대에너지솔루션(주),음성공장,HiS-S500YJ-ON,HiS-S500YJ-ON_593.43kgCO2,500,593.43,표준배출계수,2022-09-30,2025-09-29
1098,2022-1098,에이치디현대에너지솔루션(주),음성공장,HiS-S480YJ-EN,HiS-S480YJ-EN_714.36kgCO2,480,714.36,표준배출계수,2022-09-30,2025-09-29
1099,2022-1099,에이치디현대에너지솔루션(주),음성공장,HiS-S485YJ-EN,HiS-S485YJ-EN_707.00kgCO2,485,707,표준배출계수,2022-09-30,2025-09-29
1100,2022-1100,에이치디현대에너지솔루션(주),음성공장,HiS-S490YJ-EN,HiS-S490YJ-EN_699.78kgCO2,490,699.78,표준배출계수,2022-09-30,2025-09-29
1101,2022-1101,에이치디현대에너지솔루션(주),음성공장,HiS-S495YJ-EN,HiS-S495YJ-EN_692.71kgCO2,495,692.71,표준배출계수,2022-09-30,2025-09-29
1102,2022-1102,에이치디현대에너지솔루션(주),음성공장,HiS-S500YJ-EN,HiS-S500YJ-EN_685.79kgCO2,500,685.79,표준배출계수,2022-09-30,2025-09-29
1103,2022-1103,(주)에스에너지,(주)에스에너지 대전공장,SL65-72BGJ-540S,SL65-72BGJ-540S_718.26kgCO2,540,718.26,표준배출계수,2025-09-30,2028-09-29
1104,2022-1104,(주)에스에너지,(주)에스에너지 대전공장,SL65-72BGJ-545S,SL65-72BGJ-545S_711.67kgCO2,545,711.67,표준배출계수,2025-09-30,2028-09-29
1105,2022-1105,(주)에스에너지,(주)에스에너지 대전공장,SL65-72BGJ-550S,SL65-72BGJ-550S_705.20kgCO2,550,705.2,표준배출계수,2025-09-30,2028-09-29
1106,2022-1106,(주)에스에너지,(주)에스에너지 대전공장,SE65-72BGJ-535S,SE65-72BGJ-535S_731.50kgCO2,535,731.5,표준배출계수,2025-09-30,2028-09-29
1107,2022-1107,(주)에스에너지,(주)에스에너지 대전공장,SE65-72BGJ-540S,SE65-72BGJ-540S_724.73kgCO2,540,724.73,표준배출계수,2025-09-30,2028-09-29
1108,2022-1108,(주)에스에너지,(주)에스에너지 대전공장,SE65-72BGJ-545S,SE65-72BGJ-545S_718.08kgCO2,545,718.08,표준배출계수,2025-09-30,2028-09-29
1109,2022-1109,(주)신성이엔지,김제공장,SS-DM540BD,SS-DM540BD_727.80kgCO2,540,727.8,표준배출계수,2022-11-18,2025-08-22
1110,2022-1110,(주)신성이엔지,김제공장,SS-DM545BD,SS-DM545BD_721.12kgCO2,545,721.12,표준배출계수,2022-11-18,2025-08-22
1111,2022-1111,(주)신성이엔지,김제공장,SS-CM490BD,SS-CM490BD_737.39kgCO2,490,737.39,표준배출계수,2022-11-18,2025-08-22
1112,2022-1112,(주)신성이엔지,김제공장,SS-CM495BD,SS-CM495BD_729.94kgCO2,495,729.94,표준배출계수,2022-11-18,2025-08-22
1113,2022-1113,(주)신성이엔지,김제공장,SS-CM500BD,SS-CM500BD_722.64kgCO2,500,722.64,표준배출계수,2022-11-18,2025-08-22
1114,2022-1114,(주)신성이엔지,김제공장,SS-JM580BD,SS-JM580BD_729.88kgCO2,580,729.88,표준배출계수,2022-11-18,2025-08-22
1115,2022-1115,한화솔루션(주),진천사업장,Q.PEAK DUO XL-G11.3/BFG KJ2 575,Q.PEAK DUO XL-G11.3/BFG KJ2 575_676.68kgCO2,575,676.68,표준배출계수,2022-11-18,2025-11-17
1116,2022-1116,한화솔루션(주),진천사업장,Q.PEAK DUO XL-G11.3/BFG KJ2 580,Q.PEAK DUO XL-G11.3/BFG KJ2 580_670.85kgCO2,580,670.85,표준배출계수,2022-11-18,2025-11-17
1117,2022-1117,한화솔루션(주),진천사업장,Q.PEAK DUO XL-G11.3/BFG KJ2 585,Q.PEAK DUO XL-G11.3/BFG KJ2 585_665.11kgCO2,585,665.11,표준배출계수,2022-11-18,2025-11-17
1118,2022-1118,한화솔루션(주),진천사업장,Q.PEAK DUO XL-G11.3/BFG KJ2 575,Q.PEAK DUO XL-G11.3/BFG KJ2 575_677.30kgCO2,575,677.3,표준배출계수,2022-11-18,2025-11-17
1119,2022-1119,한화솔루션(주),진천사업장,Q.PEAK DUO XL-G11.3/BFG KJ2 580,Q.PEAK DUO XL-G11.3/BFG KJ2 580_671.46kgCO2,580,671.46,표준배출계수,2022-11-18,2025-11-17
1120,2022-1120,한화솔루션(주),진천사업장,Q.PEAK DUO XL-G11.3/BFG KJ2 585,Q.PEAK DUO XL-G11.3/BFG KJ2 585_665.73kgCO2,585,665.73,표준배출계수,2022-11-18,2025-11-17
1121,2022-1121,한화솔루션(주),음성 제2사업장,Q.PEAK DUO XL-G11.2 KF1 570,Q.PEAK DUO XL-G11.2 KF1 570_774.48kgCO2,570,774.48,표준배출계수,2022-11-18,2025-11-17
1122,2022-1122,한화솔루션(주),음성 제2사업장,Q.PEAK DUO XL-G11.2 KF1 570,Q.PEAK DUO XL-G11.2 KF1 570_745.08kgCO2,570,745.08,표준배출계수,2022-11-18,2025-11-17
1123,2022-1123,한화솔루션(주),음성 제2사업장,Q.PEAK DUO XL-G11.7/BFG KR1 570,Q.PEAK DUO XL-G11.7/BFG KR1 570_717.09kgCO2,570,717.09,표준배출계수,2025-11-18,2028-11-18
1124,2022-1124,한화솔루션(주),음성 제2사업장,Q.PEAK DUO XL-G11.7/BFG KR1 575,Q.PEAK DUO XL-G11.7/BFG KR1 575_710.85kgCO2,575,710.85,표준배출계수,2025-11-18,2028-11-18
1125,2022-1125,한화솔루션(주),음성 제2사업장,Q.PEAK DUO XL-G11.7/BFG KR1 580,Q.PEAK DUO XL-G11.7/BFG KR1 580_704.72kgCO2,580,704.72,표준배출계수,2025-11-18,2028-11-18
1126,2022-1126,한화솔루션(주),음성 제2사업장,Q.PEAK DUO XL-G11.7/BFG KR1 585,Q.PEAK DUO XL-G11.7/BFG KR1 585_698.70kgCO2,585,698.7,표준배출계수,2025-11-18,2028-11-18
1127,2022-1127,한화솔루션(주),음성 제2사업장,Q.PEAK DUO XL-G11.7/BFG KR1 590,Q.PEAK DUO XL-G11.7/BFG KR1 590_692.78kgCO2,590,692.78,표준배출계수,2025-11-18,2028-11-18
1128,2022-1128,한화솔루션(주),음성 제2사업장,Q.PEAK DUO XL-G11.7/BFG KR1 595,Q.PEAK DUO XL-G11.7/BFG KR1 595_686.96kgCO2,595,686.96,표준배출계수,2025-11-18,2028-11-18
1129,2022-1129,한화솔루션(주),음성 제2사업장,Q.PEAK DUO XL-G11.3/BFG KR2 575,Q.PEAK DUO XL-G11.3/BFG KR2 575_676.68kgCO2,575,676.68,표준배출계수,2022-11-18,2025-11-17
1130,2022-1130,한화솔루션(주),음성 제2사업장,Q.PEAK DUO XL-G11.3/BFG KR2 580,Q.PEAK DUO XL-G11.3/BFG KR2 580_670.85kgCO2,580,670.85,표준배출계수,2022-11-18,2025-11-17
1131,2022-1131,한화솔루션(주),음성 제2사업장,Q.PEAK DUO XL-G11.3/BFG KR2 585,Q.PEAK DUO XL-G11.3/BFG KR2 585_665.11kgCO2,585,665.11,표준배출계수,2022-11-18,2025-11-17
1132,2022-1132,한화솔루션(주),음성 제2사업장,Q.PEAK DUO XL-G11.3/BFG KR2 575,Q.PEAK DUO XL-G11.3/BFG KR2 575_677.30kgCO2,575,677.3,표준배출계수,2022-11-18,2025-11-17
1133,2022-1133,한화솔루션(주),음성 제2사업장,Q.PEAK DUO XL-G11.3/BFG KR2 580,Q.PEAK DUO XL-G11.3/BFG KR2 580_671.46kgCO2,580,671.46,표준배출계수,2022-11-18,2025-11-17
1134,2022-1134,한화솔루션(주),음성 제2사업장,Q.PEAK DUO XL-G11.3/BFG KR2 585,Q.PEAK DUO XL-G11.3/BFG KR2 585_665.73kgCO2,585,665.73,표준배출계수,2022-11-18,2025-11-17
1135,2022-1135,한화솔루션(주),음성 제2사업장,Q.PEAK DUO XL-G11.7/BFG KR1 585,Q.PEAK DUO XL-G11.7/BFG KR1 585_718.51kgCO2,585,718.51,표준배출계수,2025-11-18,2028-11-18
1136,2022-1136,한화솔루션(주),음성 제2사업장,Q.PEAK DUO XL-G11.7/BFG KR1 590,Q.PEAK DUO XL-G11.7/BFG KR1 590_712.42kgCO2,590,712.42,표준배출계수,2025-11-18,2028-11-18
1137,2022-1137,한화솔루션(주),음성 제2사업장,Q.PEAK DUO XL-G11.7/BFG KR1 595,Q.PEAK DUO XL-G11.7/BFG KR1 595_706.44kgCO2,595,706.44,표준배출계수,2025-11-18,2028-11-18
1138,2022-1138,(주)신성이엔지,김제공장,SS-DM540BD,SS-DM540BD_628.49kgCO2,540,628.49,표준배출계수,2022-12-16,2025-08-22
1139,2022-1139,(주)신성이엔지,김제공장,SS-DM545BD,SS-DM545BD_622.73kgCO2,545,622.73,표준배출계수,2022-12-16,2025-08-22
1140,2022-1140,(주)신성이엔지,김제공장,SS-DM550BD,SS-DM550BD_617.07kgCO2,550,617.07,표준배출계수,2022-12-16,2025-08-22
1141,2022-1141,(주)신성이엔지,김제공장,SS-DM550BD,SS-DM550BD_714.59kgCO2,550,714.59,표준배출계수,2022-12-16,2025-08-22
1142,2022-1142,한솔에너지온,한솔에너지온 오창공장,HS485WE-GHD10,HS485WE-GHD10_649.68kgCO2,485,649.68,표준배출계수,2022-12-16,2025-12-15
1143,2022-1143,한솔에너지온,한솔에너지온 오창공장,HS490WE-GHD10,HS490WE-GHD10_643.05kgCO2,490,643.05,표준배출계수,2022-12-16,2025-12-15
1144,2022-1144,한솔에너지온,한솔에너지온 오창공장,HS495WE-GHD10,HS495WE-GHD10_636.55kgCO2,495,636.55,표준배출계수,2022-12-16,2025-12-15
1145,2022-1145,한솔에너지온,한솔에너지온 오창공장,HS500WE-GHD10,HS500WE-GHD10_630.19kgCO2,500,630.19,표준배출계수,2022-12-16,2025-12-15
1146,2022-1146,한솔에너지온,한솔에너지온 오창공장,HS505WE-GHD10,HS505WE-GHD10_623.95kgCO2,505,623.95,표준배출계수,2025-12-19,2028-12-19
1147,2022-1147,한솔에너지온,한솔에너지온 오창공장,HS485WE-GHD10,HS485WE-GHD10_596.28kgCO2,485,596.28,표준배출계수,2022-12-16,2025-12-15
1148,2022-1148,한솔에너지온,한솔에너지온 오창공장,HS490WE-GHD10,HS490WE-GHD10_590.19kgCO2,490,590.19,표준배출계수,2022-12-16,2025-12-15
1149,2022-1149,한솔에너지온,한솔에너지온 오창공장,HS495WE-GHD10,HS495WE-GHD10_584.23kgCO2,495,584.23,표준배출계수,2022-12-16,2025-12-15
1150,2022-1150,한솔에너지온,한솔에너지온 오창공장,HS500WE-GHD10,HS500WE-GHD10_578.39kgCO2,500,578.39,표준배출계수,2022-12-16,2025-12-15
1151,2022-1151,한솔에너지온,한솔에너지온 오창공장,HS505WE-GHD10,HS505WE-GHD10_572.66kgCO2,505,572.66,표준배출계수,2025-12-19,2028-12-19
1152,2022-1152,한솔에너지온,한솔에너지온 오창공장,HS485WE-GHD10,HS485WE-GHD10_667.47kgCO2,485,667.47,표준배출계수,2022-12-16,2025-12-15
1153,2022-1153,한솔에너지온,한솔에너지온 오창공장,HS490WE-GHD10,HS490WE-GHD10_660.66kgCO2,490,660.66,표준배출계수,2022-12-16,2025-12-15
1154,2022-1154,한솔에너지온,한솔에너지온 오창공장,HS495WE-GHD10,HS495WE-GHD10_653.99kgCO2,495,653.99,표준배출계수,2022-12-16,2025-12-15
1155,2022-1155,한솔에너지온,한솔에너지온 오창공장,HS500WE-GHD10,HS500WE-GHD10_647.45kgCO2,500,647.45,표준배출계수,2022-12-16,2025-12-15
1156,2022-1156,한솔에너지온,한솔에너지온 오창공장,HS505WE-GHD10,HS505WE-GHD10_641.04kgCO2,505,641.04,표준배출계수,2025-12-19,2028-12-19
1157,2022-1157,한솔에너지온,한솔에너지온 오창공장,HS485WE-GHD10,HS485WE-GHD10_649.68kgCO2,485,649.68,표준배출계수,2022-12-16,2025-12-15
1158,2022-1158,한솔에너지온,한솔에너지온 오창공장,HS490WE-GHD10,HS490WE-GHD10_643.05kgCO2,490,643.05,표준배출계수,2022-12-16,2025-12-15
1159,2022-1159,한솔에너지온,한솔에너지온 오창공장,HS495WE-GHD10,HS495WE-GHD10_636.55kgCO2,495,636.55,표준배출계수,2022-12-16,2025-12-15
1160,2022-1160,한솔에너지온,한솔에너지온 오창공장,HS500WE-GHD10,HS500WE-GHD10_630.19kgCO2,500,630.19,표준배출계수,2022-12-16,2025-12-15
1161,2022-1161,한솔에너지온,한솔에너지온 오창공장,HS505WE-GHD10,HS505WE-GHD10_623.95kgCO2,505,623.95,표준배출계수,2025-12-19,2028-12-19
1162,2022-1162,한솔에너지온,한솔에너지온 오창공장,HS495WE-XHD20,HS495WE-XHD20_724.31kgCO2,495,724.31,표준배출계수,2022-12-16,2025-12-15
1163,2022-1163,한솔에너지온,한솔에너지온 오창공장,HS500WE-XHD20,HS500WE-XHD20_717.07kgCO2,500,717.07,표준배출계수,2025-12-19,2028-12-19
1164,2022-1164,한솔에너지온,한솔에너지온 오창공장,HS505WE-XHD20,HS505WE-XHD20_709.97kgCO2,505,709.97,표준배출계수,2022-12-16,2025-12-15
1165,2022-1165,한솔에너지온,한솔에너지온 오창공장,HS485WE-GHD10,HS485WE-GHD10_666.15kgCO2,485,666.15,표준배출계수,2022-12-16,2025-12-15
1166,2022-1166,한솔에너지온,한솔에너지온 오창공장,HS490WE-GHD10,HS490WE-GHD10_659.35kgCO2,490,659.35,표준배출계수,2022-12-16,2025-12-15
1167,2022-1167,한솔에너지온,한솔에너지온 오창공장,HS495WE-GHD10,HS495WE-GHD10_652.69kgCO2,495,652.69,표준배출계수,2022-12-16,2025-12-15
1168,2022-1168,한솔에너지온,한솔에너지온 오창공장,HS500WE-GHD10,HS500WE-GHD10_646.16kgCO2,500,646.16,표준배출계수,2022-12-16,2025-12-15
1169,2022-1169,한솔에너지온,한솔에너지온 오창공장,HS505WE-GHD10,HS505WE-GHD10_639.77kgCO2,505,639.77,표준배출계수,2025-12-19,2028-12-19
1170,2022-1170,에이치디현대에너지솔루션(주),음성공장,HiS-S490YJ-ON,HiS-S490YJ-ON_703.40kgCO2,490,703.4,표준배출계수,2022-12-16,2025-12-15
1171,2022-1171,에이치디현대에너지솔루션(주),음성공장,HiS-S480YJ-EN,HiS-S480YJ-EN_716.28kgCO2,480,716.28,표준배출계수,2022-12-16,2025-12-15
1172,2022-1172,에이치디현대에너지솔루션(주),음성공장,HiS-S485YJ-EN,HiS-S485YJ-EN_708.90kgCO2,485,708.9,표준배출계수,2022-12-16,2025-12-15
1173,2022-1173,에이치디현대에너지솔루션(주),음성공장,HiS-S490YJ-EN,HiS-S490YJ-EN_701.67kgCO2,490,701.67,표준배출계수,2022-12-16,2025-12-15
1174,2022-1174,에이치디현대에너지솔루션(주),음성공장,HiS-S495YJ-EN,HiS-S495YJ-EN_694.58kgCO2,495,694.58,표준배출계수,2022-12-16,2025-12-15
1175,2022-1175,에이치디현대에너지솔루션(주),음성공장,HiS-S500YJ-EN,HiS-S500YJ-EN_687.63kgCO2,500,687.63,표준배출계수,2022-12-16,2025-12-15
1176,2022-1176,에이치디현대에너지솔루션(주),음성공장,HiS-S600OJ-ET,HiS-S600OJ-ET_687.20kgCO2,600,687.2,표준배출계수,2022-12-16,2025-12-15
1177,2022-1177,에이치디현대에너지솔루션(주),음성공장,HiS-S600OJ-ET,HiS-S600OJ-ET_687.20kgCO2,600,687.2,표준배출계수,2022-12-16,2025-12-15
1178,2022-1178,에스디엔(주),광주첨단공장,Sdm600-HBA-A1,Sdm600-HBA-A1_687.28kgCO2,600,687.28,표준배출계수,2022-12-16,2025-12-15
1179,2022-1179,에스디엔(주),광주첨단공장,Sdm595-HBA-A1,Sdm595-HBA-A1_693.06kgCO2,595,693.06,표준배출계수,2022-12-16,2025-12-15
1180,2022-1180,에스디엔(주),광주첨단공장,Sdm590-HBA-A1,Sdm590-HBA-A1_698.93kgCO2,590,698.93,표준배출계수,2022-12-16,2025-12-15
1181,2022-1181,에스디엔(주),광주첨단공장,Sdm600-HBA-A1,Sdm600-HBA-A1_609.91kgCO2,600,609.91,표준배출계수,2022-12-16,2025-12-15
1182,2022-1182,에스디엔(주),광주첨단공장,Sdm595-HBA-A1,Sdm595-HBA-A1_615.03kgCO2,595,615.03,표준배출계수,2022-12-16,2025-12-15
1183,2022-1183,에스디엔(주),광주첨단공장,Sdm590-HBA-A1,Sdm590-HBA-A1_620.24kgCO2,590,620.24,표준배출계수,2022-12-16,2025-12-15
1184,2022-1184,에스디피브이(주),강진공장,SPM550-HBB-A1,SPM550-HBB-A1_619.11kgCO2,550,619.11,표준배출계수,2022-12-16,2025-12-15
1185,2022-1185,에스디피브이(주),강진공장,SPM545-HBB-A1,SPM545-HBB-A1_624.79kgCO2,545,624.79,표준배출계수,2022-12-16,2025-12-15
1186,2022-1186,에스디피브이(주),강진공장,SPM540-HBB-A1,SPM540-HBB-A1_630.58kgCO2,540,630.58,표준배출계수,2022-12-16,2025-12-15
1187,2022-1187,에스디피브이(주),강진공장,SPM550-HBB-A1,SPM550-HBB-A1_697.05kgCO2,550,697.05,표준배출계수,2025-12-19,2028-12-19
1188,2022-1188,에스디피브이(주),강진공장,SPM545-HBB-A1,SPM545-HBB-A1_703.44kgCO2,545,703.44,표준배출계수,2022-12-16,2025-12-15
1189,2022-1189,에스디피브이(주),강진공장,SPM540-HBB-A1,SPM540-HBB-A1_709.96kgCO2,540,709.96,표준배출계수,2022-12-16,2025-12-15
1190,2022-1190,한화솔루션(주),음성 제2사업장,Q.PEAK DUO XL-G11.3/BFG KR2 575,Q.PEAK DUO XL-G11.3/BFG KR2 575_695.46kgCO2,575,695.46,표준배출계수,2022-12-16,2025-12-15
1191,2022-1191,한화솔루션(주),음성 제2사업장,Q.PEAK DUO XL-G11.3/BFG KR2 580,Q.PEAK DUO XL-G11.3/BFG KR2 580_689.47kgCO2,580,689.47,표준배출계수,2022-12-16,2025-12-15
1192,2022-1192,한화솔루션(주),음성 제2사업장,Q.PEAK DUO XL-G11.3/BFG KR2 585,Q.PEAK DUO XL-G11.3/BFG KR2 585_683.57kgCO2,585,683.57,표준배출계수,2022-12-16,2025-12-15
1193,2022-1193,한화솔루션(주),진천사업장,Q.PEAK DUO XL-G11.3/BFG KJ2 575,Q.PEAK DUO XL-G11.3/BFG KJ2 575_694.84kgCO2,575,694.84,표준배출계수,2022-12-16,2025-12-15
1194,2022-1194,한화솔루션(주),진천사업장,Q.PEAK DUO XL-G11.3/BFG KJ2 580,Q.PEAK DUO XL-G11.3/BFG KJ2 580_688.85kgCO2,580,688.85,표준배출계수,2022-12-16,2025-12-15
1195,2022-1195,한화솔루션(주),진천사업장,Q.PEAK DUO XL-G11.3/BFG KJ2 585,Q.PEAK DUO XL-G11.3/BFG KJ2 585_682.96kgCO2,585,682.96,표준배출계수,2022-12-16,2025-12-15
1196,2022-1196,한화솔루션(주),음성 제2사업장,Q.PEAK DUO XL-G11.3/BFG KR1 570,Q.PEAK DUO XL-G11.3/BFG KR1 570_721.27kgCO2,570,721.27,표준배출계수,2022-12-16,2025-12-15
1197,2022-1197,한화솔루션(주),음성 제2사업장,Q.PEAK DUO XL-G11.3/BFG KR1 575,Q.PEAK DUO XL-G11.3/BFG KR1 575_715.00kgCO2,575,715,표준배출계수,2022-12-16,2025-12-15
1198,2022-1198,한화솔루션(주),음성 제2사업장,Q.PEAK DUO XL-G11.3/BFG KR1 580,Q.PEAK DUO XL-G11.3/BFG KR1 580_708.84kgCO2,580,708.84,표준배출계수,2022-12-16,2025-12-15
1199,2022-1199,한화솔루션(주),음성 제2사업장,Q.PEAK DUO XL-G11.3/BFG KR1 585,Q.PEAK DUO XL-G11.3/BFG KR1 585_702.78kgCO2,585,702.78,표준배출계수,2022-12-16,2025-12-15
1200,2022-1200,한화솔루션(주),음성 제2사업장,Q.PEAK DUO XL-G11.3/BFG KR1 570,Q.PEAK DUO XL-G11.3/BFG KR1 570_721.90kgCO2,570,721.9,표준배출계수,2022-12-16,2025-12-15
1201,2022-1201,한화솔루션(주),음성 제2사업장,Q.PEAK DUO XL-G11.3/BFG KR1 575,Q.PEAK DUO XL-G11.3/BFG KR1 575_715.62kgCO2,575,715.62,표준배출계수,2022-12-16,2025-12-15
1202,2022-1202,한화솔루션(주),음성 제2사업장,Q.PEAK DUO XL-G11.3/BFG KR1 580,Q.PEAK DUO XL-G11.3/BFG KR1 580_709.45kgCO2,580,709.45,표준배출계수,2022-12-16,2025-12-15
1203,2022-1203,한화솔루션(주),음성 제2사업장,Q.PEAK DUO XL-G11.3/BFG KR1 585,Q.PEAK DUO XL-G11.3/BFG KR1 585_703.39kgCO2,585,703.39,표준배출계수,2022-12-16,2025-12-15
1204,2023-1204,한솔에너지온,한솔에너지온 오창공장,HS490WE-GHD30,HS490WE-GHD30_644.52kgCO2,490,644.52,표준배출계수,2023-02-24,2026-02-23
1205,2023-1205,한솔에너지온,한솔에너지온 오창공장,HS495WE-GHD30,HS495WE-GHD30_638.01kgCO2,495,638.01,표준배출계수,2023-02-24,2026-02-23
1206,2023-1206,한솔에너지온,한솔에너지온 오창공장,HS500WE-GHD30,HS500WE-GHD30_631.63kgCO2,500,631.63,표준배출계수,2023-02-24,2026-02-23
1207,2023-1207,한솔에너지온,한솔에너지온 오창공장,HS505WE-GHD30,HS505WE-GHD30_625.37kgCO2,505,625.37,표준배출계수,2023-02-24,2026-02-23
1208,2023-1208,한솔에너지온,한솔에너지온 오창공장,HS490WE-GHD30,HS490WE-GHD30_628.00kgCO2,490,628,표준배출계수,2023-02-24,2026-02-23
1209,2023-1209,한솔에너지온,한솔에너지온 오창공장,HS495WE-GHD30,HS495WE-GHD30_621.66kgCO2,495,621.66,표준배출계수,2023-02-24,2026-02-23
1210,2023-1210,한솔에너지온,한솔에너지온 오창공장,HS500WE-GHD30,HS500WE-GHD30_615.44kgCO2,500,615.44,표준배출계수,2026-02-24,2029-02-24
1211,2023-1211,한솔에너지온,한솔에너지온 오창공장,HS505WE-GHD30,HS505WE-GHD30_609.35kgCO2,505,609.35,표준배출계수,2026-02-24,2029-02-24
1212,2023-1212,한솔에너지온,한솔에너지온 오창공장,HS490WE-GHD30,HS490WE-GHD30_625.27kgCO2,490,625.27,표준배출계수,2023-02-24,2026-02-23
1213,2023-1213,한솔에너지온,한솔에너지온 오창공장,HS495WE-GHD30,HS495WE-GHD30_618.95kgCO2,495,618.95,표준배출계수,2023-02-24,2026-02-23
1214,2023-1214,한솔에너지온,한솔에너지온 오창공장,HS500WE-GHD30,HS500WE-GHD30_612.76kgCO2,500,612.76,표준배출계수,2023-02-24,2026-02-23
1215,2023-1215,한솔에너지온,한솔에너지온 오창공장,HS505WE-GHD30,HS505WE-GHD30_606.70kgCO2,505,606.7,표준배출계수,2023-02-24,2026-02-23
1216,2023-1216,한솔에너지온,한솔에너지온 오창공장,HS490WE-GHD30,HS490WE-GHD30_577.33kgCO2,490,577.33,표준배출계수,2023-02-24,2026-02-23
1217,2023-1217,한솔에너지온,한솔에너지온 오창공장,HS495WE-GHD30,HS495WE-GHD30_571.50kgCO2,495,571.5,표준배출계수,2023-02-24,2026-02-23
1218,2023-1218,한솔에너지온,한솔에너지온 오창공장,HS500WE-GHD30,HS500WE-GHD30_565.78kgCO2,500,565.78,표준배출계수,2023-02-24,2026-02-23
1219,2023-1219,한솔에너지온,한솔에너지온 오창공장,HS505WE-GHD30,HS505WE-GHD30_560.18kgCO2,505,560.18,표준배출계수,2026-02-24,2029-02-24
1220,2023-1220,한솔에너지온,한솔에너지온 오창공장,HS490WE-GHD30,HS490WE-GHD30_707.04kgCO2,490,707.04,표준배출계수,2023-02-24,2026-02-23
1221,2023-1221,한솔에너지온,한솔에너지온 오창공장,HS495WE-GHD30,HS495WE-GHD30_699.90kgCO2,495,699.9,표준배출계수,2023-02-24,2026-02-23
1222,2023-1222,한솔에너지온,한솔에너지온 오창공장,HS500WE-GHD30,HS500WE-GHD30_692.90kgCO2,500,692.9,표준배출계수,2026-02-24,2029-02-24
1223,2023-1223,한솔에너지온,한솔에너지온 오창공장,HS505WE-GHD30,HS505WE-GHD30_686.04kgCO2,505,686.04,표준배출계수,2026-02-24,2029-02-24
1224,2023-1224,한솔에너지온,한솔에너지온 오창공장,HS490WE-GHD20,HS490WE-GHD20_626.95kgCO2,490,626.95,표준배출계수,2023-02-24,2026-02-23
1225,2023-1225,한솔에너지온,한솔에너지온 오창공장,HS495WE-GHD20,HS495WE-GHD20_620.62kgCO2,495,620.62,표준배출계수,2023-02-24,2026-02-23
1226,2023-1226,한솔에너지온,한솔에너지온 오창공장,HS500WE-GHD20,HS500WE-GHD20_614.41kgCO2,500,614.41,표준배출계수,2026-02-24,2029-02-24
1227,2023-1227,한솔에너지온,한솔에너지온 오창공장,HS505WE-GHD20,HS505WE-GHD20_608.33kgCO2,505,608.33,표준배출계수,2026-02-24,2029-02-24
1228,2023-1228,한솔에너지온,한솔에너지온 오창공장,HS490WE-GHD20,HS490WE-GHD20_624.22kgCO2,490,624.22,표준배출계수,2023-02-24,2026-02-23
1229,2023-1229,한솔에너지온,한솔에너지온 오창공장,HS495WE-GHD20,HS495WE-GHD20_617.91kgCO2,495,617.91,표준배출계수,2023-02-24,2026-02-23
1230,2023-1230,한솔에너지온,한솔에너지온 오창공장,HS500WE-GHD20,HS500WE-GHD20_611.73kgCO2,500,611.73,표준배출계수,2023-02-24,2026-02-23
1231,2023-1231,한솔에너지온,한솔에너지온 오창공장,HS505WE-GHD20,HS505WE-GHD20_605.68kgCO2,505,605.68,표준배출계수,2023-02-24,2026-02-23
1232,2023-1232,한솔에너지온,한솔에너지온 오창공장,HS490WE-GHD30,HS490WE-GHD30_573.72kgCO2,490,573.72,표준배출계수,2023-02-24,2026-02-23
1233,2023-1233,한솔에너지온,한솔에너지온 오창공장,HS495WE-GHD30,HS495WE-GHD30_567.92kgCO2,495,567.92,표준배출계수,2023-02-24,2026-02-23
1234,2023-1234,한솔에너지온,한솔에너지온 오창공장,HS500WE-GHD30,HS500WE-GHD30_562.25kgCO2,500,562.25,표준배출계수,2023-02-24,2026-02-23
1235,2023-1235,한솔에너지온,한솔에너지온 오창공장,HS505WE-GHD30,HS505WE-GHD30_556.68kgCO2,505,556.68,표준배출계수,2023-02-24,2026-02-23
1236,2023-1236,한솔에너지온,한솔에너지온 오창공장,HS490WE-GHD30,HS490WE-GHD30_702.86kgCO2,490,702.86,표준배출계수,2023-02-24,2026-02-23
1237,2023-1237,한솔에너지온,한솔에너지온 오창공장,HS495WE-GHD30,HS495WE-GHD30_695.76kgCO2,495,695.76,표준배출계수,2023-02-24,2026-02-23
1238,2023-1238,한솔에너지온,한솔에너지온 오창공장,HS500WE-GHD30,HS500WE-GHD30_688.80kgCO2,500,688.8,표준배출계수,2023-02-24,2026-02-23
1239,2023-1239,한솔에너지온,한솔에너지온 오창공장,HS505WE-GHD30,HS505WE-GHD30_681.98kgCO2,505,681.98,표준배출계수,2023-02-24,2026-02-23
1240,2023-1240,에이치디현대에너지솔루션(주),음성공장,HiS-S495YJ-ON,HiS-S495YJ-ON_695.72kgCO2,495,695.72,표준배출계수,2023-02-24,2026-02-23
1241,2023-1241,에이치디현대에너지솔루션(주),음성공장,HiS-S500YJ-ON,HiS-S500YJ-ON_688.76kgCO2,500,688.76,표준배출계수,2023-02-24,2026-02-23
1242,2023-1242,에이치디현대에너지솔루션(주),음성공장,HiS-S495YJ-ON,HiS-S495YJ-ON_696.15kgCO2,495,696.15,표준배출계수,2023-02-24,2026-02-23
1243,2023-1243,에이치디현대에너지솔루션(주),음성공장,HiS-S500YJ-ON,HiS-S500YJ-ON_689.19kgCO2,500,689.19,표준배출계수,2023-02-24,2026-02-23
1244,2023-1244,에이치디현대에너지솔루션(주),음성공장,HiS-S505YJ-ON,HiS-S505YJ-ON_682.37kgCO2,505,682.37,표준배출계수,2023-02-24,2026-02-23
1245,2023-1245,에이치디현대에너지솔루션(주),음성공장,HiS-S495YJ-ON,HiS-S495YJ-ON_696.15kgCO2,495,696.15,표준배출계수,2023-02-24,2026-02-23
1246,2023-1246,에이치디현대에너지솔루션(주),음성공장,HiS-S500YJ-ON,HiS-S500YJ-ON_689.19kgCO2,500,689.19,표준배출계수,2023-02-24,2026-02-23
1247,2023-1247,에이치디현대에너지솔루션(주),음성공장,HiS-S505YJ-ON,HiS-S505YJ-ON_682.37kgCO2,505,682.37,표준배출계수,2023-02-24,2026-02-23
1248,2023-1248,에이치디현대에너지솔루션(주),음성공장,HiS-S570UJ-OT,HiS-S570UJ-OT_749.63kgCO2,570,749.63,표준배출계수,2023-02-24,2026-02-23
1249,2023-1249,에이치디현대에너지솔루션(주),음성공장,HiS-S575UJ-OT,HiS-S575UJ-OT_743.11kgCO2,575,743.11,표준배출계수,2023-02-24,2026-02-23
1250,2023-1250,에이치디현대에너지솔루션(주),음성공장,HiS-S580UJ-OT,HiS-S580UJ-OT_736.70kgCO2,580,736.7,표준배출계수,2023-02-24,2026-02-23
1251,2023-1251,에이치디현대에너지솔루션(주),음성공장,HiS-S585UJ-OT,HiS-S585UJ-OT_730.41kgCO2,585,730.41,표준배출계수,2023-02-24,2026-02-23
1252,2023-1252,에이치디현대에너지솔루션(주),음성공장,HiS-S590UJ-OT,HiS-S590UJ-OT_724.22kgCO2,590,724.22,표준배출계수,2023-02-24,2026-02-23
1253,2023-1253,에이치디현대에너지솔루션(주),음성공장,HiS-S595UJ-OT,HiS-S595UJ-OT_718.13kgCO2,595,718.13,표준배출계수,2023-02-24,2026-02-23
1254,2023-1254,에이치디현대에너지솔루션(주),음성공장,HiS-S600UJ-OT,HiS-S600UJ-OT_712.15kgCO2,600,712.15,표준배출계수,2023-02-24,2026-02-23
1255,2023-1255,에이치디현대에너지솔루션(주),음성공장,HiS-S495YJ-ON,HiS-S495YJ-ON_548.80kgCO2,495,548.8,표준배출계수,2023-02-24,2026-02-23
1256,2023-1256,에이치디현대에너지솔루션(주),음성공장,HiS-S500YJ-ON,HiS-S500YJ-ON_543.32kgCO2,500,543.32,표준배출계수,2023-02-24,2026-02-23
1257,2023-1257,에이치디현대에너지솔루션(주),음성공장,HiS-S505YJ-ON,HiS-S505YJ-ON_537.94kgCO2,505,537.94,표준배출계수,2023-02-24,2026-02-23
1258,2023-1258,에이치디현대에너지솔루션(주),음성공장,HiS-S575UJ-OT,HiS-S575UJ-OT_722.83kgCO2,575,722.83,표준배출계수,2023-02-24,2026-02-23
1259,2023-1259,에이치디현대에너지솔루션(주),음성공장,HiS-S580UJ-OT,HiS-S580UJ-OT_716.60kgCO2,580,716.6,표준배출계수,2023-02-24,2026-02-23
1260,2023-1260,에이치디현대에너지솔루션(주),음성공장,HiS-S585UJ-OT,HiS-S585UJ-OT_710.48kgCO2,585,710.48,표준배출계수,2023-02-24,2026-02-23
1261,2023-1261,에이치디현대에너지솔루션(주),음성공장,HiS-S590UJ-OT,HiS-S590UJ-OT_704.46kgCO2,590,704.46,표준배출계수,2023-02-24,2026-02-23
1262,2023-1262,에이치디현대에너지솔루션(주),음성공장,HiS-S595UJ-OT,HiS-S595UJ-OT_698.54kgCO2,595,698.54,표준배출계수,2023-02-24,2026-02-23
1263,2023-1263,에이치디현대에너지솔루션(주),음성공장,HiS-S600UJ-OT,HiS-S600UJ-OT_692.72kgCO2,600,692.72,표준배출계수,2023-02-24,2026-02-23
1264,2023-1264,에이치디현대에너지솔루션(주),음성공장,HiS-S575OJ-OT,HiS-S575OJ-OT_700.96kgCO2,575,700.96,표준배출계수,2023-02-24,2026-02-23
1265,2023-1265,에이치디현대에너지솔루션(주),음성공장,HiS-S580OJ-OT,HiS-S580OJ-OT_694.92kgCO2,580,694.92,표준배출계수,2023-02-24,2026-02-23
1266,2023-1266,에이치디현대에너지솔루션(주),음성공장,HiS-S585OJ-OT,HiS-S585OJ-OT_688.98kgCO2,585,688.98,표준배출계수,2023-02-24,2026-02-23
1267,2023-1267,에이치디현대에너지솔루션(주),음성공장,HiS-S590OJ-OT,HiS-S590OJ-OT_683.14kgCO2,590,683.14,표준배출계수,2023-02-24,2026-02-23
1268,2023-1268,에이치디현대에너지솔루션(주),음성공장,HiS-S595OJ-OT,HiS-S595OJ-OT_677.40kgCO2,595,677.4,표준배출계수,2023-02-24,2026-02-23
1269,2023-1269,에이치디현대에너지솔루션(주),음성공장,HiS-S600OJ-OT,HiS-S600OJ-OT_671.75kgCO2,600,671.75,표준배출계수,2023-02-24,2026-02-23
1270,2023-1270,한화솔루션(주),진천사업장,Q.PEAK DUO XL-G11S.7/BFG KJ1 585,Q.PEAK DUO XL-G11S.7/BFG KJ1 585_701.66kgCO2,585,701.66,표준배출계수,2026-02-24,2029-02-24
1271,2023-1271,한화솔루션(주),진천사업장,Q.PEAK DUO XL-G11S.7/BFG KJ1 590,Q.PEAK DUO XL-G11S.7/BFG KJ1 590_695.72kgCO2,590,695.72,표준배출계수,2026-02-24,2029-02-24
1272,2023-1272,한화솔루션(주),진천사업장,Q.PEAK DUO XL-G11S.7/BFG KJ1 595,Q.PEAK DUO XL-G11S.7/BFG KJ1 595_689.87kgCO2,595,689.87,표준배출계수,2026-02-24,2029-02-24
1273,2023-1273,한화솔루션(주),진천사업장,Q.PEAK DUO XL-G11S.7/BFG KJ1 600,Q.PEAK DUO XL-G11S.7/BFG KJ1 600_684.12kgCO2,600,684.12,표준배출계수,2026-02-24,2029-02-24
1274,2023-1274,한화솔루션(주),진천사업장,Q.PEAK DUO XL-G11S.3/BFG KJ1 580,Q.PEAK DUO XL-G11S.3/BFG KJ1 580_664.75kgCO2,580,664.75,표준배출계수,2023-02-24,2026-02-23
1275,2023-1275,한화솔루션(주),진천사업장,Q.PEAK DUO XL-G11S.3/BFG KJ1 585,Q.PEAK DUO XL-G11S.3/BFG KJ1 585_659.07kgCO2,585,659.07,표준배출계수,2023-02-24,2026-02-23
1276,2023-1276,한화솔루션(주),진천사업장,Q.PEAK DUO XL-G11S.3/BFG KJ1 590,Q.PEAK DUO XL-G11S.3/BFG KJ1 590_653.48kgCO2,590,653.48,표준배출계수,2023-02-24,2026-02-23
1277,2023-1277,한화솔루션(주),음성 제2사업장,Q.PEAK DUO XL-G10.7/BFG KR1 480,Q.PEAK DUO XL-G10.7/BFG KR1 480_631.01kgCO2,480,631.01,표준배출계수,2026-02-24,2029-02-24
1278,2023-1278,한화솔루션(주),음성 제2사업장,Q.PEAK DUO XL-G10.7/BFG KR1 485,Q.PEAK DUO XL-G10.7/BFG KR1 485_624.50kgCO2,485,624.5,표준배출계수,2026-02-24,2029-02-24
1279,2023-1279,한화솔루션(주),음성 제2사업장,Q.PEAK DUO XL-G10.7/BFG KR1 490,Q.PEAK DUO XL-G10.7/BFG KR1 490_618.13kgCO2,490,618.13,표준배출계수,2026-02-24,2029-02-24
1280,2023-1280,한화솔루션(주),음성 제2사업장,Q.PEAK DUO XL-G10.7/BFG KR1 495,Q.PEAK DUO XL-G10.7/BFG KR1 495_611.89kgCO2,495,611.89,표준배출계수,2026-02-24,2029-02-24
1281,2023-1281,한화솔루션(주),음성 제2사업장,Q.PEAK DUO XL-G11.3/BFG KR2 575,Q.PEAK DUO XL-G11.3/BFG KR2 575_694.84kgCO2,575,694.84,표준배출계수,2023-02-24,2026-02-23
1282,2023-1282,한화솔루션(주),음성 제2사업장,Q.PEAK DUO XL-G11.3/BFG KR2 580,Q.PEAK DUO XL-G11.3/BFG KR2 580_688.85kgCO2,580,688.85,표준배출계수,2023-02-24,2026-02-23
1283,2023-1283,한화솔루션(주),음성 제2사업장,Q.PEAK DUO XL-G11.3/BFG KR2 585,Q.PEAK DUO XL-G11.3/BFG KR2 585_682.96kgCO2,585,682.96,표준배출계수,2023-02-24,2026-02-23
1284,2023-1284,한화솔루션(주),진천사업장,Q.PEAK DUO XL-G11.3/BFG KJ2 575,Q.PEAK DUO XL-G11.3/BFG KJ2 575_695.46kgCO2,575,695.46,표준배출계수,2023-02-24,2026-02-23
1285,2023-1285,한화솔루션(주),진천사업장,Q.PEAK DUO XL-G11.3/BFG KJ2 580,Q.PEAK DUO XL-G11.3/BFG KJ2 580_689.47kgCO2,580,689.47,표준배출계수,2023-02-24,2026-02-23
1286,2023-1286,한화솔루션(주),진천사업장,Q.PEAK DUO XL-G11.3/BFG KJ2 585,Q.PEAK DUO XL-G11.3/BFG KJ2 585_683.57kgCO2,585,683.57,표준배출계수,2023-02-24,2026-02-23
1287,2023-1287,한화솔루션(주),음성 제2사업장,Q.PEAK DUO XL-G10.3/BFG KR1 485,Q.PEAK DUO XL-G10.3/BFG KR1 485_641.31kgCO2,485,641.31,표준배출계수,2023-02-24,2026-02-23
1288,2023-1288,한화솔루션(주),음성 제2사업장,Q.PEAK DUO XL-G10.3/BFG KR1 485,Q.PEAK DUO XL-G10.3/BFG KR1 485_623.60kgCO2,485,623.6,표준배출계수,2023-02-24,2026-02-23
1289,2023-1289,한화솔루션(주),음성 제2사업장,Q.PEAK DUO XL-G10.3/BFG KR1 485,Q.PEAK DUO XL-G10.3/BFG KR1 485_617.46kgCO2,485,617.46,표준배출계수,2023-02-24,2026-02-23
1290,2023-1290,한화솔루션(주),음성 제2사업장,Q.PEAK DUO XL-G10.3/BFG KR1 485,Q.PEAK DUO XL-G10.3/BFG KR1 485_661.30kgCO2,485,661.3,표준배출계수,2023-02-24,2026-02-23
1291,2023-1291,한화솔루션(주),진천사업장,Q.PEAK DUO XL-G10.d/BFG KR1 485,Q.PEAK DUO XL-G10.d/BFG KR1 485_641.31kgCO2,485,641.31,표준배출계수,2023-02-24,2026-02-23
1292,2023-1292,한화솔루션(주),진천사업장,Q.PEAK DUO XL-G10.d/BFG KR1 485,Q.PEAK DUO XL-G10.d/BFG KR1 485_623.60kgCO2,485,623.6,표준배출계수,2023-02-24,2026-02-23
1293,2023-1293,한화솔루션(주),진천사업장,Q.PEAK DUO XL-G10.d/BFG KR1 485,Q.PEAK DUO XL-G10.d/BFG KR1 485_617.46kgCO2,485,617.46,표준배출계수,2023-02-24,2026-02-23
1294,2023-1294,(주)신성이엔지,김제공장,SS-DM545BD,SS-DM545BD_719.13kgCO2,545,719.13,표준배출계수,2023-04-28,2025-08-22
1295,2023-1295,(주)신성이엔지,김제공장,SS-DM550BD,SS-DM550BD_712.59kgCO2,550,712.59,표준배출계수,2023-04-28,2025-08-22
1296,2023-1296,(주)신성이엔지,김제공장,SS-DM550BD,SS-DM550BD_712.59kgCO2,550,712.59,표준배출계수,2023-04-28,2025-08-22
1297,2023-1297,한화솔루션(주),진천사업장,Q.PEAK DUO XL-G11S.7/BFG KJ1 585,Q.PEAK DUO XL-G11S.7/BFG KJ1 585_681.85kgCO2,585,681.85,표준배출계수,2026-04-28,2029-04-28
1298,2023-1298,한화솔루션(주),진천사업장,Q.PEAK DUO XL-G11S.7/BFG KJ1 590,Q.PEAK DUO XL-G11S.7/BFG KJ1 590_676.07kgCO2,590,676.07,표준배출계수,2026-04-28,2029-04-28
1299,2023-1299,한화솔루션(주),진천사업장,Q.PEAK DUO XL-G11S.7/BFG KJ1 595,Q.PEAK DUO XL-G11S.7/BFG KJ1 595_670.39kgCO2,595,670.39,표준배출계수,2026-04-28,2029-04-28
1300,2023-1300,한화솔루션(주),진천사업장,Q.PEAK DUO XL-G11S.7/BFG KJ1 600,Q.PEAK DUO XL-G11S.7/BFG KJ1 600_664.80kgCO2,600,664.8,표준배출계수,2026-04-28,2029-04-28
1301,2023-1301,한화솔루션(주),진천사업장,Q.PEAK DUO XL-G11S.7/BFG KJ1 605,Q.PEAK DUO XL-G11S.7/BFG KJ1 605_659.31kgCO2,605,659.31,표준배출계수,2026-04-28,2029-04-28
1302,2023-1302,에이치디현대에너지솔루션(주),음성공장,HiS-S480YJ-ON,HiS-S480YJ-ON_678.78kgCO2,480,678.78,표준배출계수,2023-04-28,2026-04-27
1303,2023-1303,에이치디현대에너지솔루션(주),음성공장,HiS-S485YJ-ON,HiS-S485YJ-ON_671.78kgCO2,485,671.78,표준배출계수,2023-04-28,2026-04-27
1304,2023-1304,에이치디현대에너지솔루션(주),음성공장,HiS-S490YJ-ON,HiS-S490YJ-ON_664.93kgCO2,490,664.93,표준배출계수,2023-04-28,2026-04-27
1305,2023-1305,에이치디현대에너지솔루션(주),음성공장,HiS-S495YJ-ON,HiS-S495YJ-ON_658.21kgCO2,495,658.21,표준배출계수,2023-04-28,2026-04-27
1306,2023-1306,에이치디현대에너지솔루션(주),음성공장,HiS-S500YJ-ON,HiS-S500YJ-ON_651.63kgCO2,500,651.63,표준배출계수,2023-04-28,2026-04-27
1307,2023-1307,에이치디현대에너지솔루션(주),음성공장,HiS-S580UJ-OT,HiS-S580UJ-OT_696.58kgCO2,580,696.58,표준배출계수,2023-04-28,2026-04-27
1308,2023-1308,에이치디현대에너지솔루션(주),음성공장,HiS-S585UJ-OT,HiS-S585UJ-OT_690.62kgCO2,585,690.62,표준배출계수,2023-04-28,2026-04-27
1309,2023-1309,에이치디현대에너지솔루션(주),음성공장,HiS-S590UJ-OT,HiS-S590UJ-OT_684.77kgCO2,590,684.77,표준배출계수,2023-04-28,2026-04-27
1310,2023-1310,에이치디현대에너지솔루션(주),음성공장,HiS-S595UJ-OT,HiS-S595UJ-OT_679.02kgCO2,595,679.02,표준배출계수,2023-04-28,2026-04-27
1311,2023-1311,에이치디현대에너지솔루션(주),음성공장,HiS-S600UJ-OT,HiS-S600UJ-OT_673.36kgCO2,600,673.36,표준배출계수,2023-04-28,2026-04-27
1312,2023-1312,에이치디현대에너지솔루션(주),음성공장,HiS-S580OJ-OT,HiS-S580OJ-OT_674.89kgCO2,580,674.89,표준배출계수,2023-04-28,2026-04-27
1313,2023-1313,에이치디현대에너지솔루션(주),음성공장,HiS-S585OJ-OT,HiS-S585OJ-OT_669.12kgCO2,585,669.12,표준배출계수,2023-04-28,2026-04-27
1314,2023-1314,에이치디현대에너지솔루션(주),음성공장,HiS-S590OJ-OT,HiS-S590OJ-OT_663.45kgCO2,590,663.45,표준배출계수,2023-04-28,2026-04-27
1315,2023-1315,에이치디현대에너지솔루션(주),음성공장,HiS-S595OJ-OT,HiS-S595OJ-OT_657.87kgCO2,595,657.87,표준배출계수,2023-04-28,2026-04-27
1316,2023-1316,에이치디현대에너지솔루션(주),음성공장,HiS-S600OJ-OT,HiS-S600OJ-OT_652.39kgCO2,600,652.39,표준배출계수,2023-04-28,2026-04-27
1317,2023-1317,에스디엔(주),광주첨단공장,Sdm600-HBA-A1,Sdm600-HBA-A1_668.76kgCO2,600,668.76,표준배출계수,2023-05-26,2026-05-25
1318,2023-1318,에스디엔(주),광주첨단공장,Sdm595-HBA-A1,Sdm595-HBA-A1_674.38kgCO2,595,674.38,표준배출계수,2023-05-26,2026-05-25
1319,2023-1319,에스디엔(주),광주첨단공장,Sdm590-HBA-A1,Sdm590-HBA-A1_680.09kgCO2,590,680.09,표준배출계수,2023-05-26,2026-05-25
1320,2023-1320,(주)에스에너지,(주)에스에너지 대전공장,SL65-72BGJ-545S,SL65-72BGJ-545S_613.63kgCO2,545,613.63,표준배출계수,2023-05-26,2026-05-25
1321,2023-1321,(주)에스에너지,(주)에스에너지 대전공장,SL65-72BGJ-540S,SL65-72BGJ-540S_619.31kgCO2,540,619.31,표준배출계수,2023-05-26,2026-05-25
1322,2023-1322,(주)에스에너지,(주)에스에너지 대전공장,SL65-72BGJ-550S,SL65-72BGJ-550S_608.05kgCO2,550,608.05,표준배출계수,2023-05-26,2026-05-25
1323,2023-1323,(주)에스에너지,(주)에스에너지 대전공장,SL65-72BGJ-545S,SL65-72BGJ-545S_676.79kgCO2,545,676.79,표준배출계수,2026-05-26,2029-05-26
1324,2023-1324,(주)에스에너지,(주)에스에너지 대전공장,SL65-72BGJ-540S,SL65-72BGJ-540S_678.66kgCO2,540,678.66,표준배출계수,2023-05-26,2026-05-25
1325,2023-1325,(주)에스에너지,(주)에스에너지 대전공장,SL65-72BGJ-550S,SL65-72BGJ-550S_670.64kgCO2,550,670.64,표준배출계수,2026-05-26,2029-05-26
1326,2023-1326,(주)에스에너지,(주)에스에너지 대전공장,SL65-72BGJ-545S,SL65-72BGJ-545S_671.87kgCO2,545,671.87,표준배출계수,2026-05-26,2029-05-26
1327,2023-1327,(주)에스에너지,(주)에스에너지 대전공장,SL65-72BGJ-540S,SL65-72BGJ-540S_673.66kgCO2,540,673.66,표준배출계수,2023-05-26,2026-05-25
1328,2023-1328,(주)에스에너지,(주)에스에너지 대전공장,SL65-72BGJ-550S,SL65-72BGJ-550S_665.76kgCO2,550,665.76,표준배출계수,2026-05-26,2029-05-26
1329,2023-1329,(주)에스에너지,(주)에스에너지 대전공장,SL65-78BGJ-585S,SL65-78BGJ-585S_625.28kgCO2,585,625.28,표준배출계수,2023-05-26,2026-05-25
1330,2023-1330,(주)에스에너지,(주)에스에너지 대전공장,SL65-78BGJ-580S,SL65-78BGJ-580S_630.67kgCO2,580,630.67,표준배출계수,2023-05-26,2026-05-25
1331,2023-1331,(주)에스에너지,(주)에스에너지 대전공장,SL65-78BGJ-590S,SL65-78BGJ-590S_619.98kgCO2,590,619.98,표준배출계수,2023-05-26,2026-05-25
1332,2023-1332,(주)에스에너지,(주)에스에너지 대전공장,SL65-78BGJ-595S,SL65-78BGJ-595S_614.77kgCO2,595,614.77,표준배출계수,2023-05-26,2026-05-25
1333,2023-1333,(주)에스에너지,(주)에스에너지 대전공장,SL65-78BGJ-600S,SL65-78BGJ-600S_609.64kgCO2,600,609.64,표준배출계수,2023-05-26,2026-05-25
1334,2023-1334,(주)에스에너지,(주)에스에너지 대전공장,SL65-78BGJ-585S,SL65-78BGJ-585S_684.82kgCO2,585,684.82,표준배출계수,2023-05-26,2026-05-25
1335,2023-1335,(주)에스에너지,(주)에스에너지 대전공장,SL65-78BGJ-580S,SL65-78BGJ-580S_690.72kgCO2,580,690.72,표준배출계수,2023-05-26,2026-05-25
1336,2023-1336,(주)에스에너지,(주)에스에너지 대전공장,SL65-78BGJ-590S,SL65-78BGJ-590S_683.59kgCO2,590,683.59,표준배출계수,2026-05-26,2029-05-26
1337,2023-1337,(주)에스에너지,(주)에스에너지 대전공장,SL65-78BGJ-595S,SL65-78BGJ-595S_677.84kgCO2,595,677.84,표준배출계수,2026-05-26,2029-05-26
1338,2023-1338,(주)에스에너지,(주)에스에너지 대전공장,SL65-78BGJ-600S,SL65-78BGJ-600S_667.70kgCO2,600,667.7,표준배출계수,2023-05-26,2026-05-25
1339,2023-1339,(주)신성이엔지,김제공장,SS-DM550BL,SS-DM550BL_669.05kgCO2,550,669.05,표준배출계수,2023-06-30,2025-08-22
1340,2023-1340,(주)신성이엔지,김제공장,SS-DM550BD,SS-DM550BD_615.01kgCO2,550,615.01,표준배출계수,2023-06-30,2025-08-22
1341,2023-1341,(주)신성이엔지,김제공장,SS-DM545BD,SS-DM545BD_620.66kgCO2,545,620.66,표준배출계수,2023-06-30,2025-08-22
1342,2023-1342,(주)신성이엔지,김제공장,SS-DM545BD,SS-DM545BD_719.07kgCO2,545,719.07,표준배출계수,2023-06-30,2025-08-22
1343,2023-1343,(주)신성이엔지,김제공장,SS-CM500BD,SS-CM500BD_720.62kgCO2,500,720.62,표준배출계수,2023-06-30,2025-08-22
1344,2023-1344,(주)에스에너지,(주)에스에너지 대전공장,SL45-78BGI-480S,SL45-78BGI-480S_629.91kgCO2,480,629.91,표준배출계수,2023-06-30,2026-06-29
1345,2023-1345,(주)에스에너지,(주)에스에너지 대전공장,SL45-78BGI-475S,SL45-78BGI-475S_636.54kgCO2,475,636.54,표준배출계수,2023-06-30,2026-06-29
1346,2023-1346,(주)에스에너지,(주)에스에너지 대전공장,SL45-78BGI-485S,SL45-78BGI-485S_623.42kgCO2,485,623.42,표준배출계수,2023-06-30,2026-06-29
1347,2023-1347,(주)에스에너지,(주)에스에너지 대전공장,SL65-72BGJ-545S,SL65-72BGJ-545S_667.49kgCO2,545,667.49,표준배출계수,2023-06-30,2026-06-29
1348,2023-1348,(주)에스에너지,(주)에스에너지 대전공장,SL65-72BGJ-540S,SL65-72BGJ-540S_673.67kgCO2,540,673.67,표준배출계수,2023-06-30,2026-06-29
1349,2023-1349,(주)에스에너지,(주)에스에너지 대전공장,SL65-72BGJ-550S,SL65-72BGJ-550S_661.42kgCO2,550,661.42,표준배출계수,2023-06-30,2026-06-29
1350,2023-1350,(주)에스에너지,(주)에스에너지 대전공장,SL65-72BGJ-545S,SL65-72BGJ-545S_670.87kgCO2,545,670.87,표준배출계수,2023-06-30,2026-06-29
1351,2023-1351,(주)에스에너지,(주)에스에너지 대전공장,SL65-72BGJ-540S,SL65-72BGJ-540S_677.08kgCO2,540,677.08,표준배출계수,2023-06-30,2026-06-29
1352,2023-1352,(주)에스에너지,(주)에스에너지 대전공장,SL65-72BGJ-550S,SL65-72BGJ-550S_664.77kgCO2,550,664.77,표준배출계수,2023-06-30,2026-06-29
1353,2023-1353,(주)에스에너지,(주)에스에너지 대전공장,SL65-72BGJ-545S,SL65-72BGJ-545S_612.07kgCO2,545,612.07,표준배출계수,2023-06-30,2026-06-29
1354,2023-1354,(주)에스에너지,(주)에스에너지 대전공장,SL65-72BGJ-540S,SL65-72BGJ-540S_617.74kgCO2,540,617.74,표준배출계수,2023-06-30,2026-06-29
1355,2023-1355,(주)에스에너지,(주)에스에너지 대전공장,SL65-72BGJ-550S,SL65-72BGJ-550S_606.51kgCO2,550,606.51,표준배출계수,2023-06-30,2026-06-29
1356,2023-1356,(주)에스에너지,(주)에스에너지 대전공장,SL65-72BGJ-545S,SL65-72BGJ-545S_628.50kgCO2,545,628.5,표준배출계수,2023-06-30,2026-06-29
1357,2023-1357,(주)에스에너지,(주)에스에너지 대전공장,SL65-72BGJ-540S,SL65-72BGJ-540S_634.32kgCO2,540,634.32,표준배출계수,2023-06-30,2026-06-29
1358,2023-1358,(주)에스에너지,(주)에스에너지 대전공장,SL65-72BGJ-550S,SL65-72BGJ-550S_622.79kgCO2,550,622.79,표준배출계수,2023-06-30,2026-06-29
1359,2023-1359,한솔에너지온,한솔에너지온 오창공장,HS505WE-GHD50,HS505WE-GHD50_602.77kgCO2,505,602.77,표준배출계수,2023-06-30,2026-06-29
1360,2023-1360,한솔에너지온,한솔에너지온 오창공장,HS500WE-GHD50,HS500WE-GHD50_608.80kgCO2,500,608.8,표준배출계수,2023-06-30,2026-06-29
1361,2023-1361,한솔에너지온,한솔에너지온 오창공장,HS495WE-GHD50,HS495WE-GHD50_614.95kgCO2,495,614.95,표준배출계수,2023-06-30,2026-06-29
1362,2023-1362,한솔에너지온,한솔에너지온 오창공장,HS490WE-GHD50,HS490WE-GHD50_621.23kgCO2,490,621.23,표준배출계수,2023-06-30,2026-06-29
1363,2023-1363,한솔에너지온,한솔에너지온 오창공장,HS505WE-GHD50,HS505WE-GHD50_603.58kgCO2,505,603.58,표준배출계수,2023-06-30,2026-06-29
1364,2023-1364,한솔에너지온,한솔에너지온 오창공장,HS500WE-GHD50,HS500WE-GHD50_609.62kgCO2,500,609.62,표준배출계수,2023-06-30,2026-06-29
1365,2023-1365,한솔에너지온,한솔에너지온 오창공장,HS495WE-GHD50,HS495WE-GHD50_615.78kgCO2,495,615.78,표준배출계수,2023-06-30,2026-06-29
1366,2023-1366,한솔에너지온,한솔에너지온 오창공장,HS490WE-GHD50,HS490WE-GHD50_622.06kgCO2,490,622.06,표준배출계수,2023-06-30,2026-06-29
1367,2023-1367,한솔에너지온,한솔에너지온 오창공장,HS555XD-XHE,HS555XD-XHE_689.96kgCO2,555,689.96,표준배출계수,2023-06-30,2026-06-29
1368,2023-1368,한솔에너지온,한솔에너지온 오창공장,HS550XD-XHE,HS550XD-XHE_696.23kgCO2,550,696.23,표준배출계수,2023-06-30,2026-06-29
1369,2023-1369,한솔에너지온,한솔에너지온 오창공장,HS545XD-XHE,HS545XD-XHE_702.62kgCO2,545,702.62,표준배출계수,2023-06-30,2026-06-29
1370,2023-1370,한솔에너지온,한솔에너지온 오창공장,HS505WE-GHD50,HS505WE-GHD50_602.77kgCO2,505,602.77,표준배출계수,2023-06-30,2026-06-29
1371,2023-1371,한솔에너지온,한솔에너지온 오창공장,HS500WE-GHD50,HS500WE-GHD50_608.80kgCO2,500,608.8,표준배출계수,2023-06-30,2026-06-29
1372,2023-1372,한솔에너지온,한솔에너지온 오창공장,HS495WE-GHD50,HS495WE-GHD50_614.95kgCO2,495,614.95,표준배출계수,2023-06-30,2026-06-29
1373,2023-1373,한솔에너지온,한솔에너지온 오창공장,HS490WE-GHD50,HS490WE-GHD50_621.23kgCO2,490,621.23,표준배출계수,2023-06-30,2026-06-29
1374,2023-1374,한솔에너지온,한솔에너지온 오창공장,HS505WE-GHD50,HS505WE-GHD50_603.58kgCO2,505,603.58,표준배출계수,2023-06-30,2026-06-29
1375,2023-1375,한솔에너지온,한솔에너지온 오창공장,HS500WE-GHD50,HS500WE-GHD50_609.62kgCO2,500,609.62,표준배출계수,2023-06-30,2026-06-29
1376,2023-1376,한솔에너지온,한솔에너지온 오창공장,HS495WE-GHD50,HS495WE-GHD50_615.78kgCO2,495,615.78,표준배출계수,2023-06-30,2026-06-29
1377,2023-1377,한솔에너지온,한솔에너지온 오창공장,HS490WE-GHD50,HS490WE-GHD50_622.06kgCO2,490,622.06,표준배출계수,2023-06-30,2026-06-29
1378,2023-1378,한화솔루션(주),음성 제2사업장,Q.PEAK DUO XL-G10.7/BFG KR1 480,Q.PEAK DUO XL-G10.7/BFG KR1 480_631.01kgCO2,480,631.01,표준배출계수,2023-06-30,2026-06-29
1379,2023-1379,한화솔루션(주),음성 제2사업장,Q.PEAK DUO XL-G10.7/BFG KR1 485,Q.PEAK DUO XL-G10.7/BFG KR1 485_624.50kgCO2,485,624.5,표준배출계수,2023-06-30,2026-06-29
1380,2023-1380,한화솔루션(주),음성 제2사업장,Q.PEAK DUO XL-G10.7/BFG KR1 490,Q.PEAK DUO XL-G10.7/BFG KR1 490_618.13kgCO2,490,618.13,표준배출계수,2023-06-30,2026-06-29
1381,2023-1381,한화솔루션(주),음성 제2사업장,Q.PEAK DUO XL-G10.7/BFG KR1 495,Q.PEAK DUO XL-G10.7/BFG KR1 495_611.89kgCO2,495,611.89,표준배출계수,2023-06-30,2026-06-29
1382,2023-1382,에이치디현대에너지솔루션(주),음성공장,HiS-S585OJ-ET,HiS-S585OJ-ET_684.72kgCO2,585,684.72,표준배출계수,2023-06-30,2026-06-29
1383,2023-1383,에이치디현대에너지솔루션(주),음성공장,HiS-S590OJ-ET,HiS-S590OJ-ET_678.92kgCO2,590,678.92,표준배출계수,2023-06-30,2026-06-29
1384,2023-1384,에이치디현대에너지솔루션(주),음성공장,HiS-S595OJ-ET,HiS-S595OJ-ET_673.22kgCO2,595,673.22,표준배출계수,2023-06-30,2026-06-29
1385,2023-1385,에이치디현대에너지솔루션(주),음성공장,HiS-S600OJ-ET,HiS-S600OJ-ET_667.61kgCO2,600,667.61,표준배출계수,2023-06-30,2026-06-29
1386,2023-1386,에이치디현대에너지솔루션(주),음성공장,HiS-S580OJ-OT,HiS-S580OJ-OT_614.70kgCO2,580,614.7,표준배출계수,2023-06-30,2026-06-29
1387,2023-1387,에이치디현대에너지솔루션(주),음성공장,HiS-S585OJ-OT,HiS-S585OJ-OT_609.44kgCO2,585,609.44,표준배출계수,2023-06-30,2026-06-29
1388,2023-1388,에이치디현대에너지솔루션(주),음성공장,HiS-S590OJ-OT,HiS-S590OJ-OT_604.28kgCO2,590,604.28,표준배출계수,2023-06-30,2026-06-29
1389,2023-1389,에이치디현대에너지솔루션(주),음성공장,HiS-S595OJ-OT,HiS-S595OJ-OT_599.20kgCO2,595,599.2,표준배출계수,2023-06-30,2026-06-29
1390,2023-1390,에이치디현대에너지솔루션(주),음성공장,HiS-S600OJ-OT,HiS-S600OJ-OT_594.21kgCO2,600,594.21,표준배출계수,2023-06-30,2026-06-29
1391,2023-1391,에이치디현대에너지솔루션(주),음성공장,HiS-S485YJ-EN,HiS-S485YJ-EN_627.54kgCO2,485,627.54,표준배출계수,2023-06-30,2026-06-29
1392,2023-1392,에이치디현대에너지솔루션(주),음성공장,HiS-S490YJ-EN,HiS-S490YJ-EN_621.13kgCO2,490,621.13,표준배출계수,2023-06-30,2026-06-29
1393,2023-1393,에이치디현대에너지솔루션(주),음성공장,HiS-S495YJ-EN,HiS-S495YJ-EN_614.86kgCO2,495,614.86,표준배출계수,2023-06-30,2026-06-29
1394,2023-1394,에이치디현대에너지솔루션(주),음성공장,HiS-S500YJ-EN,HiS-S500YJ-EN_608.71kgCO2,500,608.71,표준배출계수,2023-06-30,2026-06-29
1395,2023-1395,에스디피브이(주),강진공장,SPM540-HBB-A1,SPM540-HBB-A1_686.82kgCO2,540,686.82,표준배출계수,2023-06-30,2026-06-29
1396,2023-1396,에스디피브이(주),강진공장,SPM545-HBB-A1,SPM545-HBB-A1_680.51kgCO2,545,680.51,표준배출계수,2023-06-30,2026-06-29
1397,2023-1397,에스디피브이(주),강진공장,SPM550-HBB-A1,SPM550-HBB-A1_674.33kgCO2,550,674.33,표준배출계수,2023-06-30,2026-06-29
1398,2023-1398,에스디피브이(주),강진공장,SPM555-HBB-A1,SPM555-HBB-A1_668.25kgCO2,555,668.25,표준배출계수,2023-06-30,2026-06-29
1399,2023-1399,에스디엔(주),광주첨단공장,SdFm600-HBA-A1,SdFm600-HBA-A1_689.03kgCO2,600,689.03,표준배출계수,2023-06-30,2026-06-29
1400,2023-1400,에스디엔(주),광주첨단공장,SdFm595-HBA-A1,SdFm595-HBA-A1_694.82kgCO2,595,694.82,표준배출계수,2023-06-30,2026-06-29
1401,2023-1401,에스디엔(주),광주첨단공장,SdFm590-HBA-A1,SdFm590-HBA-A1_700.71kgCO2,590,700.71,표준배출계수,2023-06-30,2026-06-29
1402,2023-1402,(주)에스에너지,(주)에스에너지 대전공장,SL65-72BGJ-540S,SL65-72BGJ-540S_630.90kgCO2,540,630.9,표준배출계수,2023-08-31,2026-08-30
1403,2023-1403,(주)에스에너지,(주)에스에너지 대전공장,SL65-72BGJ-545S,SL65-72BGJ-545S_625.11kgCO2,545,625.11,표준배출계수,2023-08-31,2026-08-30
1404,2023-1404,(주)에스에너지,(주)에스에너지 대전공장,SL65-72BGJ-550S,SL65-72BGJ-550S_619.43kgCO2,550,619.43,표준배출계수,2023-08-31,2026-08-30
1405,2023-1405,(주)에스에너지,(주)에스에너지 대전공장,SL65-72BGJ-540S,SL65-72BGJ-540S_614.32kgCO2,540,614.32,표준배출계수,2023-08-31,2026-08-30
1406,2023-1406,(주)에스에너지,(주)에스에너지 대전공장,SL65-72BGJ-545S,SL65-72BGJ-545S_608.68kgCO2,545,608.68,표준배출계수,2023-08-31,2026-08-30
1407,2023-1407,(주)에스에너지,(주)에스에너지 대전공장,SL65-72BGJ-550S,SL65-72BGJ-550S_603.15kgCO2,550,603.15,표준배출계수,2023-08-31,2026-08-30
1408,2023-1408,(주)에스에너지,(주)에스에너지 대전공장,SL45-78BGI-475S,SL45-78BGI-475S_637.21kgCO2,475,637.21,표준배출계수,2023-08-31,2026-08-30
1409,2023-1409,(주)에스에너지,(주)에스에너지 대전공장,SL45-78BGI-480S,SL45-78BGI-480S_630.57kgCO2,480,630.57,표준배출계수,2023-08-31,2026-08-30
1410,2023-1410,(주)에스에너지,(주)에스에너지 대전공장,SL45-78BGI-485S,SL45-78BGI-485S_624.07kgCO2,485,624.07,표준배출계수,2023-08-31,2026-08-30
1411,2023-1411,(주)에스에너지,(주)에스에너지 대전공장,SL65-78BGJ-580S,SL65-78BGJ-580S_630.68kgCO2,580,630.68,표준배출계수,2023-08-31,2026-08-30
1412,2023-1412,(주)에스에너지,(주)에스에너지 대전공장,SL65-78BGJ-585S,SL65-78BGJ-585S_625.29kgCO2,585,625.29,표준배출계수,2023-08-31,2026-08-30
1413,2023-1413,(주)에스에너지,(주)에스에너지 대전공장,SL65-78BGJ-590S,SL65-78BGJ-590S_619.99kgCO2,590,619.99,표준배출계수,2023-08-31,2026-08-30
1414,2023-1414,(주)에스에너지,(주)에스에너지 대전공장,SL65-78BGJ-595S,SL65-78BGJ-595S_614.78kgCO2,595,614.78,표준배출계수,2023-08-31,2026-08-30
1415,2023-1415,(주)에스에너지,(주)에스에너지 대전공장,SL65-78BGJ-600S,SL65-78BGJ-600S_609.65kgCO2,600,609.65,표준배출계수,2023-08-31,2026-08-30
1416,2023-1416,(주)에스에너지,(주)에스에너지 대전공장,SL65-78BGJ-580S,SL65-78BGJ-580S_647.40kgCO2,580,647.4,표준배출계수,2023-08-31,2026-08-30
1417,2023-1417,(주)에스에너지,(주)에스에너지 대전공장,SL65-78BGJ-585S,SL65-78BGJ-585S_641.87kgCO2,585,641.87,표준배출계수,2023-08-31,2026-08-30
1418,2023-1418,(주)에스에너지,(주)에스에너지 대전공장,SL65-78BGJ-590S,SL65-78BGJ-590S_636.43kgCO2,590,636.43,표준배출계수,2023-08-31,2026-08-30
1419,2023-1419,(주)에스에너지,(주)에스에너지 대전공장,SL65-78BGJ-595S,SL65-78BGJ-595S_631.08kgCO2,595,631.08,표준배출계수,2023-08-31,2026-08-30
1420,2023-1420,(주)에스에너지,(주)에스에너지 대전공장,SL65-78BGJ-600S,SL65-78BGJ-600S_625.82kgCO2,600,625.82,표준배출계수,2023-08-31,2026-08-30
1421,2023-1421,(주)에스에너지,(주)에스에너지 대전공장,SL45-72BGI-445S,SL45-72BGI-445S_629.73kgCO2,445,629.73,표준배출계수,2023-08-31,2026-08-30
1422,2023-1422,(주)에스에너지,(주)에스에너지 대전공장,SL45-72BGI-450S,SL45-72BGI-450S_622.73kgCO2,450,622.73,표준배출계수,2023-08-31,2026-08-30
1423,2023-1423,(주)에스에너지,(주)에스에너지 대전공장,SL45-72BGI-455S,SL45-72BGI-455S_615.89kgCO2,455,615.89,표준배출계수,2023-08-31,2026-08-30
1424,2023-1424,(주)에스에너지,(주)에스에너지 대전공장,SL45-72BGI-445S,SL45-72BGI-445S_629.73kgCO2,445,629.73,표준배출계수,2023-08-31,2026-08-30
1425,2023-1425,(주)에스에너지,(주)에스에너지 대전공장,SL45-72BGI-450S,SL45-72BGI-450S_622.73kgCO2,450,622.73,표준배출계수,2023-08-31,2026-08-30
1426,2023-1426,(주)에스에너지,(주)에스에너지 대전공장,SL45-72BGI-455S,SL45-72BGI-455S_615.89kgCO2,455,615.89,표준배출계수,2023-08-31,2026-08-30
1427,2023-1427,(주)에스에너지,(주)에스에너지 대전공장,SE65-72BGJ-535S,SE65-72BGJ-535S_626.42kgCO2,535,626.42,표준배출계수,2023-08-31,2026-08-30
1428,2023-1428,(주)에스에너지,(주)에스에너지 대전공장,SE65-72BGJ-540S,SE65-72BGJ-540S_620.62kgCO2,540,620.62,표준배출계수,2023-08-31,2026-08-30
1429,2023-1429,(주)에스에너지,(주)에스에너지 대전공장,SE65-72BGJ-545S,SE65-72BGJ-545S_614.92kgCO2,545,614.92,표준배출계수,2023-08-31,2026-08-30
1430,2023-1430,(주)에스에너지,(주)에스에너지 대전공장,SE65-72BGJ-550S,SE65-72BGJ-550S_609.33kgCO2,550,609.33,표준배출계수,2023-08-31,2026-08-30
1431,2023-1431,(주)에스에너지,(주)에스에너지 대전공장,SE65-72BGJ-535S,SE65-72BGJ-535S_686.32kgCO2,535,686.32,표준배출계수,2023-08-31,2026-08-30
1432,2023-1432,(주)에스에너지,(주)에스에너지 대전공장,SE65-72BGJ-540S,SE65-72BGJ-540S_679.96kgCO2,540,679.96,표준배출계수,2023-08-31,2026-08-30
1433,2023-1433,(주)에스에너지,(주)에스에너지 대전공장,SE65-72BGJ-545S,SE65-72BGJ-545S_673.72kgCO2,545,673.72,표준배출계수,2023-08-31,2026-08-30
1434,2023-1434,(주)에스에너지,(주)에스에너지 대전공장,SE65-72BGJ-550S,SE65-72BGJ-550S_667.60kgCO2,550,667.6,표준배출계수,2023-08-31,2026-08-30
1435,2023-1435,(주)에스에너지,(주)에스에너지 대전공장,SE65-72BGJ-535S,SE65-72BGJ-535S_686.32kgCO2,535,686.32,표준배출계수,2023-08-31,2026-08-30
1436,2023-1436,(주)에스에너지,(주)에스에너지 대전공장,SE65-72BGJ-540S,SE65-72BGJ-540S_679.96kgCO2,540,679.96,표준배출계수,2023-08-31,2026-08-30
1437,2023-1437,(주)에스에너지,(주)에스에너지 대전공장,SE65-72BGJ-545S,SE65-72BGJ-545S_673.72kgCO2,545,673.72,표준배출계수,2023-08-31,2026-08-30
1438,2023-1438,(주)에스에너지,(주)에스에너지 대전공장,SE65-72BGJ-550S,SE65-72BGJ-550S_667.60kgCO2,550,667.6,표준배출계수,2023-08-31,2026-08-30
1439,2023-1439,에이치디현대에너지솔루션(주),음성공장,HiS-S585OJ-ET,HiS-S585OJ-ET_684.72kgCO2,585,684.72,표준배출계수,2023-08-31,2026-08-30
1440,2023-1440,에이치디현대에너지솔루션(주),음성공장,HiS-S590OJ-ET,HiS-S590OJ-ET_678.92kgCO2,590,678.92,표준배출계수,2023-08-31,2026-08-30
1441,2023-1441,에이치디현대에너지솔루션(주),음성공장,HiS-S595OJ-ET,HiS-S595OJ-ET_673.22kgCO2,595,673.22,표준배출계수,2023-08-31,2026-08-30
1442,2023-1442,에이치디현대에너지솔루션(주),음성공장,HiS-S600OJ-ET,HiS-S600OJ-ET_667.61kgCO2,600,667.61,표준배출계수,2023-08-31,2026-08-30
1443,2023-1443,에이치디현대에너지솔루션(주),음성공장,HiS-S580OJ-OT,HiS-S580OJ-OT_674.75kgCO2,580,674.75,표준배출계수,2023-08-31,2026-08-30
1444,2023-1444,에이치디현대에너지솔루션(주),음성공장,HiS-S585OJ-OT,HiS-S585OJ-OT_668.99kgCO2,585,668.99,표준배출계수,2023-08-31,2026-08-30
1445,2023-1445,에이치디현대에너지솔루션(주),음성공장,HiS-S590OJ-OT,HiS-S590OJ-OT_663.32kgCO2,590,663.32,표준배출계수,2023-08-31,2026-08-30
1446,2023-1446,에이치디현대에너지솔루션(주),음성공장,HiS-S595OJ-OT,HiS-S595OJ-OT_657.74kgCO2,595,657.74,표준배출계수,2023-08-31,2026-08-30
1447,2023-1447,에이치디현대에너지솔루션(주),음성공장,HiS-S600OJ-OT,HiS-S600OJ-OT_652.26kgCO2,600,652.26,표준배출계수,2023-08-31,2026-08-30
1448,2023-1448,에이치디현대에너지솔루션(주),음성공장,HiS-S580UJ-OT	,HiS-S580UJ-OT	_696.44kgCO2,580,696.44,표준배출계수,2023-08-31,2026-08-30
1449,2023-1449,에이치디현대에너지솔루션(주),음성공장,HiS-S585UJ-OT	,HiS-S585UJ-OT	_690.49kgCO2,585,690.49,표준배출계수,2023-08-31,2026-08-30
1450,2023-1450,에이치디현대에너지솔루션(주),음성공장,HiS-S590UJ-OT,HiS-S590UJ-OT_684.64kgCO2,590,684.64,표준배출계수,2023-08-31,2026-08-30
1451,2023-1451,에이치디현대에너지솔루션(주),음성공장,HiS-S595UJ-OT,HiS-S595UJ-OT_678.88kgCO2,595,678.88,표준배출계수,2023-08-31,2026-08-30
1452,2023-1452,에이치디현대에너지솔루션(주),음성공장,HiS-S600UJ-OT,HiS-S600UJ-OT_673.23kgCO2,600,673.23,표준배출계수,2023-08-31,2026-08-30
1453,2023-1453,에이치디현대에너지솔루션(주),음성공장,HiS-S480YJ-ON	,HiS-S480YJ-ON	_698.43kgCO2,480,698.43,표준배출계수,2023-08-31,2026-08-30
1454,2023-1454,에이치디현대에너지솔루션(주),음성공장,HiS-S485YJ-ON	,HiS-S485YJ-ON	_691.23kgCO2,485,691.23,표준배출계수,2023-08-31,2026-08-30
1455,2023-1455,에이치디현대에너지솔루션(주),음성공장,HiS-S490YJ-ON,HiS-S490YJ-ON_684.17kgCO2,490,684.17,표준배출계수,2023-08-31,2026-08-30
1456,2023-1456,에이치디현대에너지솔루션(주),음성공장,HiS-S495YJ-ON,HiS-S495YJ-ON_677.26kgCO2,495,677.26,표준배출계수,2023-08-31,2026-08-30
1457,2023-1457,에이치디현대에너지솔루션(주),음성공장,HiS-S500YJ-ON,HiS-S500YJ-ON_670.49kgCO2,500,670.49,표준배출계수,2023-08-31,2026-08-30
1458,2023-1458,한솔에너지온,한솔에너지온 오창공장,HS505WE-GHD50,HS505WE-GHD50_679.12kgCO2,505,679.12,표준배출계수,2023-08-31,2026-08-30
1459,2023-1459,한솔에너지온,한솔에너지온 오창공장,HS500WE-GHD50,HS500WE-GHD50_685.91kgCO2,500,685.91,표준배출계수,2023-08-31,2026-08-30
1460,2023-1460,한솔에너지온,한솔에너지온 오창공장,HS495WE-GHD50,HS495WE-GHD50_692.84kgCO2,495,692.84,표준배출계수,2023-08-31,2026-08-30
1461,2023-1461,한솔에너지온,한솔에너지온 오창공장,HS505WE-GHD50,HS505WE-GHD50_679.95kgCO2,505,679.95,표준배출계수,2023-08-31,2026-08-30
1462,2023-1462,한솔에너지온,한솔에너지온 오창공장,HS500WE-GHD50,HS500WE-GHD50_686.74kgCO2,500,686.74,표준배출계수,2023-08-31,2026-08-30
1463,2023-1463,한솔에너지온,한솔에너지온 오창공장,HS495WE-GHD50,HS495WE-GHD50_693.68kgCO2,495,693.68,표준배출계수,2023-08-31,2026-08-30
1464,2023-1464,한솔에너지온,한솔에너지온 오창공장,HS505WE-GHD50,HS505WE-GHD50_679.12kgCO2,505,679.12,표준배출계수,2023-08-31,2026-08-30
1465,2023-1465,한솔에너지온,한솔에너지온 오창공장,HS500WE-GHD50,HS500WE-GHD50_685.91kgCO2,500,685.91,표준배출계수,2023-08-31,2026-08-30
1466,2023-1466,한솔에너지온,한솔에너지온 오창공장,HS495WE-GHD50,HS495WE-GHD50_692.84kgCO2,495,692.84,표준배출계수,2023-08-31,2026-08-30
1467,2023-1467,한솔에너지온,한솔에너지온 오창공장,HS505WE-GHD50,HS505WE-GHD50_679.95kgCO2,505,679.95,표준배출계수,2023-08-31,2026-08-30
1468,2023-1468,한솔에너지온,한솔에너지온 오창공장,HS500WE-GHD50,HS500WE-GHD50_686.74kgCO2,500,686.74,표준배출계수,2023-08-31,2026-08-30
1469,2023-1469,한솔에너지온,한솔에너지온 오창공장,HS495WE-GHD50,HS495WE-GHD50_693.68kgCO2,495,693.68,표준배출계수,2023-08-31,2026-08-30
1470,2023-1470,한솔에너지온,한솔에너지온 오창공장,HS550XD-GHE10,HS550XD-GHE10_609.98kgCO2,550,609.98,표준배출계수,2023-08-31,2026-08-30
1471,2023-1471,한솔에너지온,한솔에너지온 오창공장,HS545XD-GHE10,HS545XD-GHE10_615.58kgCO2,545,615.58,표준배출계수,2023-08-31,2026-08-30
1472,2023-1472,한솔에너지온,한솔에너지온 오창공장,HS540XD-GHE10,HS540XD-GHE10_621.28kgCO2,540,621.28,표준배출계수,2023-08-31,2026-08-30
1473,2023-1473,한솔에너지온,한솔에너지온 오창공장,HS550XD-GHE10,HS550XD-GHE10_609.28kgCO2,550,609.28,표준배출계수,2023-08-31,2026-08-30
1474,2023-1474,한솔에너지온,한솔에너지온 오창공장,HS540XD-GHE10,HS540XD-GHE10_620.56kgCO2,540,620.56,표준배출계수,2023-08-31,2026-08-30
1475,2023-1475,한솔에너지온,한솔에너지온 오창공장,HS545XD-GHE10,HS545XD-GHE10_614.87kgCO2,545,614.87,표준배출계수,2023-08-31,2026-08-30
1476,2023-1476,한솔에너지온,한솔에너지온 오창공장,HS550XD-GHE10,HS550XD-GHE10_609.28kgCO2,550,609.28,표준배출계수,2023-08-31,2026-08-30
1477,2023-1477,한솔에너지온,한솔에너지온 오창공장,HS545XD-GHE10,HS545XD-GHE10_614.87kgCO2,545,614.87,표준배출계수,2023-08-31,2026-08-30
1478,2023-1478,한솔에너지온,한솔에너지온 오창공장,HS540XD-GHE10,HS540XD-GHE10_620.56kgCO2,540,620.56,표준배출계수,2023-08-31,2026-08-30
1479,2023-1479,한솔에너지온,한솔에너지온 오창공장,HS550XD-GHE10,HS550XD-GHE10_609.98kgCO2,550,609.98,표준배출계수,2023-08-31,2026-08-30
1480,2023-1480,한솔에너지온,한솔에너지온 오창공장,HS545XD-GHE10,HS545XD-GHE10_615.58kgCO2,545,615.58,표준배출계수,2023-08-31,2026-08-30
1481,2023-1481,한솔에너지온,한솔에너지온 오창공장,HS540XD-GHE10,HS540XD-GHE10_621.28kgCO2,540,621.28,표준배출계수,2023-08-31,2026-08-30
1482,2023-1482,한솔에너지온,한솔에너지온 오창공장,HS550XD-GHE10,HS550XD-GHE10_687.22kgCO2,550,687.22,표준배출계수,2023-08-31,2026-08-30
1483,2023-1483,한솔에너지온,한솔에너지온 오창공장,HS545XD-GHE10,HS545XD-GHE10_693.52kgCO2,545,693.52,표준배출계수,2023-08-31,2026-08-30
1484,2023-1484,한솔에너지온,한솔에너지온 오창공장,HS540XD-GHE10,HS540XD-GHE10_699.94kgCO2,540,699.94,표준배출계수,2023-08-31,2026-08-30
1485,2023-1485,한솔에너지온,한솔에너지온 오창공장,HS550XD-GHE10,HS550XD-GHE10_687.92kgCO2,550,687.92,표준배출계수,2023-08-31,2026-08-30
1486,2023-1486,한솔에너지온,한솔에너지온 오창공장,HS545XD-GHE10,HS545XD-GHE10_694.23kgCO2,545,694.23,표준배출계수,2023-08-31,2026-08-30
1487,2023-1487,한솔에너지온,한솔에너지온 오창공장,HS540XD-GHE10,HS540XD-GHE10_700.66kgCO2,540,700.66,표준배출계수,2023-08-31,2026-08-30
1488,2023-1488,한솔에너지온,한솔에너지온 오창공장,HS550XD-GHE10,HS550XD-GHE10_687.22kgCO2,550,687.22,표준배출계수,2023-08-31,2026-08-30
1489,2023-1489,한솔에너지온,한솔에너지온 오창공장,HS545XD-GHE10,HS545XD-GHE10_693.52kgCO2,545,693.52,표준배출계수,2023-08-31,2026-08-30
1490,2023-1490,한솔에너지온,한솔에너지온 오창공장,HS540XD-GHE10,HS540XD-GHE10_699.94kgCO2,540,699.94,표준배출계수,2023-08-31,2026-08-30
1491,2023-1491,한솔에너지온,한솔에너지온 오창공장,HS550XD-GHE10,HS550XD-GHE10_687.92kgCO2,550,687.92,표준배출계수,2023-08-31,2026-08-30
1492,2023-1492,한솔에너지온,한솔에너지온 오창공장,HS545XD-GHE10,HS545XD-GHE10_694.23kgCO2,545,694.23,표준배출계수,2023-08-31,2026-08-30
1493,2023-1493,한솔에너지온,한솔에너지온 오창공장,HS540XD-GHE10,HS540XD-GHE10_700.66kgCO2,540,700.66,표준배출계수,2023-08-31,2026-08-30
1494,2023-1494,한솔에너지온,한솔에너지온 오창공장,HS550XD-GHE10,HS550XD-GHE10_667.55kgCO2,550,667.55,표준배출계수,2023-08-31,2026-08-30
1495,2023-1495,한솔에너지온,한솔에너지온 오창공장,HS545XD-GHE10,HS545XD-GHE10_673.67kgCO2,545,673.67,표준배출계수,2023-08-31,2026-08-30
1496,2023-1496,한솔에너지온,한솔에너지온 오창공장,HS540XD-GHE10,HS540XD-GHE10_679.91kgCO2,540,679.91,표준배출계수,2023-08-31,2026-08-30
1497,2023-1497,한솔에너지온,한솔에너지온 오창공장,HS550XD-GHE10,HS550XD-GHE10_668.25kgCO2,550,668.25,표준배출계수,2023-08-31,2026-08-30
1498,2023-1498,한솔에너지온,한솔에너지온 오창공장,HS545XD-GHE10,HS545XD-GHE10_674.38kgCO2,545,674.38,표준배출계수,2023-08-31,2026-08-30
1499,2023-1499,한솔에너지온,한솔에너지온 오창공장,HS540XD-GHE10,HS540XD-GHE10_680.62kgCO2,540,680.62,표준배출계수,2023-08-31,2026-08-30
1500,2023-1500,(주)신성이엔지,김제공장,SS-DM540BH,SS-DM540BH_719.01kgCO2,540,719.01,표준배출계수,2023-08-31,2025-08-22
1501,2023-1501,(주)신성이엔지,김제공장,SS-DM545BH,SS-DM545BH_712.41kgCO2,545,712.41,표준배출계수,2023-08-31,2025-08-22
1502,2023-1502,캐나디안솔라 코리아 유한회사 ,"Canadian Solar Manufacturing (Thailand) Co., Ltd.",CS7N-660MB-AG-1,CS7N-660MB-AG-1_667.70kgCO2,660,667.7,표준배출계수,2023-08-31,2026-08-30
1503,2023-1503,(주)네오테크,"LONGi Solar Technology (Jiaxing) Co., Ltd.",LR5-72HIBD-550W,LR5-72HIBD-550W_709.43kgCO2,550,709.43,표준배출계수,2023-11-09,2026-11-08
1504,2023-1504,(주)네오테크,"LONGi Solar Technology (Jiaxing) Co., Ltd.",LR5-72HIBD-540M,LR5-72HIBD-540M_722.57kgCO2,540,722.57,표준배출계수,2023-11-09,2026-11-08
1505,2023-1505,(주)네오테크,"LONGi Solar Technology (Jiaxing) Co., Ltd.",LR5-72HIBD-545M,LR5-72HIBD-545M_715.94kgCO2,545,715.94,표준배출계수,2023-11-09,2026-11-08
1506,2023-1506,(주)네오테크,"LONGi Solar Technology (Jiaxing) Co., Ltd.",LR5-72HIBD-555M,LR5-72HIBD-555M_703.04kgCO2,555,703.04,표준배출계수,2023-11-09,2026-11-08
1507,2023-1507,에스디엔(주),광주첨단공장,Sdm605-HBA-A1,Sdm605-HBA-A1_662.42kgCO2,605,662.42,표준배출계수,2023-11-09,2026-11-08
1508,2023-1508,에이치디현대에너지솔루션(주),음성공장,HiS-S590OJ-ETH,HiS-S590OJ-ETH_674.41kgCO2,590,674.41,표준배출계수,2023-11-09,2026-11-08
1509,2023-1509,에이치디현대에너지솔루션(주),음성공장,HiS-S595OJ-ETH,HiS-S595OJ-ETH_668.74kgCO2,595,668.74,표준배출계수,2023-11-09,2026-11-08
1510,2023-1510,한솔에너지온,한솔에너지온 오창공장,HS590XE-GHE10,HS590XE-GHE10_614.32kgCO2,590,614.32,표준배출계수,2023-11-09,2026-11-08
1511,2023-1511,한솔에너지온,한솔에너지온 오창공장,HS595XE-GHE10,HS595XE-GHE10_609.15kgCO2,595,609.15,표준배출계수,2023-11-09,2026-11-08
1512,2023-1512,한솔에너지온,한솔에너지온 오창공장,HS600XE-GHE10,HS600XE-GHE10_604.08kgCO2,600,604.08,표준배출계수,2023-11-09,2026-11-08
1513,2023-1513,한솔에너지온,한솔에너지온 오창공장,HS590XE-GHE10,HS590XE-GHE10_673.35kgCO2,590,673.35,표준배출계수,2023-11-09,2026-11-08
1514,2023-1514,한솔에너지온,한솔에너지온 오창공장,HS595XE-GHE10,HS595XE-GHE10_667.70kgCO2,595,667.7,표준배출계수,2023-11-09,2026-11-08
1515,2023-1515,한솔에너지온,한솔에너지온 오창공장,HS600XE-GHE10,HS600XE-GHE10_662.13kgCO2,600,662.13,표준배출계수,2023-11-09,2026-11-08
1516,2023-1516,한솔에너지온,한솔에너지온 오창공장,HS590XE-GHE10,HS590XE-GHE10_693.00kgCO2,590,693,표준배출계수,2023-11-09,2026-11-08
1517,2023-1517,한솔에너지온,한솔에너지온 오창공장,HS595XE-GHE10,HS595XE-GHE10_687.18kgCO2,595,687.18,표준배출계수,2023-11-09,2026-11-08
1518,2023-1518,한솔에너지온,한솔에너지온 오창공장,HS600XE-GHE10,HS600XE-GHE10_681.45kgCO2,600,681.45,표준배출계수,2023-11-09,2026-11-08
1519,2023-1519,한화솔루션(주),진천사업장,Q.PEAK DUO XL-G11S.3/BFG KJ2  585,Q.PEAK DUO XL-G11S.3/BFG KJ2  585_680.00kgCO2,585,680,표준배출계수,2023-11-09,2026-11-08
1520,2023-1520,한화솔루션(주),진천사업장,Q.PEAK DUO XL-G11S.3/BFG KJ2 590,Q.PEAK DUO XL-G11S.3/BFG KJ2 590_674.23kgCO2,590,674.23,표준배출계수,2023-11-09,2026-11-08
1521,2023-1521,한화솔루션(주),진천사업장,Q.PEAK DUO XL-G11S.3/BFG KJ2 595,Q.PEAK DUO XL-G11S.3/BFG KJ2 595_668.57kgCO2,595,668.57,표준배출계수,2023-11-09,2026-11-08
1522,2023-1522,한화솔루션(주),진천사업장,Q.PEAK DUO XL-G11S.3/BFG KJ2 600,Q.PEAK DUO XL-G11S.3/BFG KJ2 600_663.00kgCO2,600,663,표준배출계수,2023-11-09,2026-11-08
1523,2023-1523,한화솔루션(주),진천사업장,Q.PEAK DUO XL-G11S.7/BFG KJ1 585,Q.PEAK DUO XL-G11S.7/BFG KJ1 585_681.85kgCO2,585,681.85,표준배출계수,2023-11-09,2026-11-08
1524,2023-1524,한화솔루션(주),진천사업장,Q.PEAK DUO XL-G11S.7/BFG KJ1 590,Q.PEAK DUO XL-G11S.7/BFG KJ1 590_676.07kgCO2,590,676.07,표준배출계수,2023-11-09,2026-11-08
1525,2023-1525,한화솔루션(주),진천사업장,Q.PEAK DUO XL-G11S.7/BFG KJ1 595,Q.PEAK DUO XL-G11S.7/BFG KJ1 595_670.39kgCO2,595,670.39,표준배출계수,2023-11-09,2026-11-08
1526,2023-1526,한화솔루션(주),진천사업장,Q.PEAK DUO XL-G11S.7/BFG KJ1 600,Q.PEAK DUO XL-G11S.7/BFG KJ1 600_664.80kgCO2,600,664.8,표준배출계수,2023-11-09,2026-11-08
1527,2023-1527,한화솔루션(주),진천사업장,Q.PEAK DUO XL-G11S.7/BFG KJ1 605,Q.PEAK DUO XL-G11S.7/BFG KJ1 605_659.31kgCO2,605,659.31,표준배출계수,2023-11-09,2026-11-08
1528,2023-1528,(주)에스에너지,(주)에스에너지 대전공장,SL65-78BGJ-580S,SL65-78BGJ-580S_690.67kgCO2,580,690.67,표준배출계수,2023-12-21,2026-12-20
1529,2023-1529,(주)에스에너지,(주)에스에너지 대전공장,SL65-78BGJ-585S,SL65-78BGJ-585S_684.77kgCO2,585,684.77,표준배출계수,2023-12-21,2026-12-20
1530,2023-1530,(주)에스에너지,(주)에스에너지 대전공장,SL65-78BGJ-590S,SL65-78BGJ-590S_678.97kgCO2,590,678.97,표준배출계수,2023-12-21,2026-12-20
1531,2023-1531,(주)에스에너지,(주)에스에너지 대전공장,SL65-78BGJ-595S,SL65-78BGJ-595S_673.26kgCO2,595,673.26,표준배출계수,2023-12-21,2026-12-20
1532,2023-1532,(주)에스에너지,(주)에스에너지 대전공장,SL65-78BGJ-600S,SL65-78BGJ-600S_667.65kgCO2,600,667.65,표준배출계수,2023-12-21,2026-12-20
1533,2023-1533,(주)에스에너지,(주)에스에너지 대전공장,SL65-66BAJ-490S,SL65-66BAJ-490S_687.16kgCO2,490,687.16,표준배출계수,2023-12-21,2026-12-20
1534,2023-1534,(주)에스에너지,(주)에스에너지 대전공장,SL65-66BAJ-495S,SL65-66BAJ-495S_680.22kgCO2,495,680.22,표준배출계수,2023-12-21,2026-12-20
1535,2023-1535,(주)에스에너지,(주)에스에너지 대전공장,SL65-66BAJ-500S,SL65-66BAJ-500S_673.42kgCO2,500,673.42,표준배출계수,2023-12-21,2026-12-20
1536,2023-1536,한화솔루션(주),진천사업장,Q.PEAK DUO XL-G11S.3/BFG KJ2 585,Q.PEAK DUO XL-G11S.3/BFG KJ2 585_680.79kgCO2,585,680.79,표준배출계수,2023-12-21,2026-12-20
1537,2023-1537,한화솔루션(주),진천사업장,Q.PEAK DUO XL-G11S.3/BFG KJ2 590,Q.PEAK DUO XL-G11S.3/BFG KJ2 590_675.02kgCO2,590,675.02,표준배출계수,2023-12-21,2026-12-20
1538,2023-1538,한화솔루션(주),진천사업장,Q.PEAK DUO XL-G11S.3/BFG KJ2 595,Q.PEAK DUO XL-G11S.3/BFG KJ2 595_669.35kgCO2,595,669.35,표준배출계수,2023-12-21,2026-12-20
1539,2023-1539,한화솔루션(주),진천사업장,Q.PEAK DUO XL-G11S.3/BFG KJ2 600,Q.PEAK DUO XL-G11S.3/BFG KJ2 600_663.77kgCO2,600,663.77,표준배출계수,2023-12-21,2026-12-20
1540,2024-1540,에스디피브이(주),강진공장,SPM600-HBB-A1,SPM600-HBB-A1_668.33kgCO2,600,668.33,표준배출계수,2024-02-28,2027-02-27
1541,2024-1541,에스디피브이(주),강진공장,SPM595-HBB-A1,SPM595-HBB-A1_673.94kgCO2,595,673.94,표준배출계수,2024-02-28,2027-02-27
1542,2024-1542,에스디피브이(주),강진공장,SPM590-HBB-A1,SPM590-HBB-A1_679.65kgCO2,590,679.65,표준배출계수,2024-02-28,2027-02-27
1543,2024-1543,에이치디현대에너지솔루션(주),음성공장,HiS-S590OJ-ET,HiS-S590OJ-ET_679.16kgCO2,590,679.16,표준배출계수,2024-04-29,2027-04-28
1544,2024-1544,에이치디현대에너지솔루션(주),음성공장,HiS-S595OJ-ET,HiS-S595OJ-ET_673.46kgCO2,595,673.46,표준배출계수,2024-04-29,2027-04-28
1545,2024-1545,에이치디현대에너지솔루션(주),음성공장,HiS-S600OJ-ET,HiS-S600OJ-ET_667.84kgCO2,600,667.84,표준배출계수,2024-04-29,2027-04-28
1546,2024-1546,한화솔루션(주),진천사업장,Q.PEAK DUO XL-G11S.7/BFG KJ1 585,Q.PEAK DUO XL-G11S.7/BFG KJ1 585_680.90kgCO2,585,680.9,표준배출계수,2024-04-29,2027-04-28
1547,2024-1547,한화솔루션(주),진천사업장,Q.PEAK DUO XL-G11S.7/BFG KJ1 590,Q.PEAK DUO XL-G11S.7/BFG KJ1 590_675.13kgCO2,590,675.13,표준배출계수,2024-04-29,2027-04-28
1548,2024-1548,한화솔루션(주),진천사업장,Q.PEAK DUO XL-G11S.7/BFG KJ1 595,Q.PEAK DUO XL-G11S.7/BFG KJ1 595_669.46kgCO2,595,669.46,표준배출계수,2024-04-29,2027-04-28
1549,2024-1549,한화솔루션(주),진천사업장,Q.PEAK DUO XL-G11S.7/BFG KJ1 600,Q.PEAK DUO XL-G11S.7/BFG KJ1 600_663.88kgCO2,600,663.88,표준배출계수,2024-04-29,2027-04-28
1550,2024-1550,한화솔루션(주),진천사업장,Q.PEAK DUO XL-G11S.7/BFG KJ1 605,Q.PEAK DUO XL-G11S.7/BFG KJ1 605_658.39kgCO2,605,658.39,표준배출계수,2024-04-29,2027-04-28
1551,2024-1551,한화솔루션(주),진천사업장,Q.PEAK DUO XL-G11S.7/BFG KJ1 585,Q.PEAK DUO XL-G11S.7/BFG KJ1 585_681.37kgCO2,585,681.37,표준배출계수,2024-04-29,2027-04-28
1552,2024-1552,한화솔루션(주),진천사업장,Q.PEAK DUO XL-G11S.7/BFG KJ1 590,Q.PEAK DUO XL-G11S.7/BFG KJ1 590_675.60kgCO2,590,675.6,표준배출계수,2024-04-29,2027-04-28
1553,2024-1553,한화솔루션(주),진천사업장,Q.PEAK DUO XL-G11S.7/BFG KJ1 595,Q.PEAK DUO XL-G11S.7/BFG KJ1 595_669.92kgCO2,595,669.92,표준배출계수,2024-04-29,2027-04-28
1554,2024-1554,한화솔루션(주),진천사업장,Q.PEAK DUO XL-G11S.7/BFG KJ1 600,Q.PEAK DUO XL-G11S.7/BFG KJ1 600_664.34kgCO2,600,664.34,표준배출계수,2024-04-29,2027-04-28
1555,2024-1555,한화솔루션(주),진천사업장,Q.PEAK DUO XL-G11S.7/BFG KJ1 605,Q.PEAK DUO XL-G11S.7/BFG KJ1 605_658.85kgCO2,605,658.85,표준배출계수,2024-04-29,2027-04-28
1556,2024-1556,(주)신성이엔지,김제공장,SS-DM545BL,SS-DM545BL_671.90kgCO2,545,671.9,표준배출계수,2024-04-29,2025-08-22
1557,2024-1557,(주)신성이엔지,김제공장,SS-DM550BL,SS-DM550BL_665.79kgCO2,550,665.79,표준배출계수,2024-04-29,2027-04-28
1558,2024-1558,(주)신성이엔지,김제공장,SS-DM555BL,SS-DM555BL_659.79kgCO2,555,659.79,표준배출계수,2024-04-29,2025-08-22
1559,2024-1559,(주)신성이엔지,김제공장,SS-DM550BH,SS-DM550BH_745.84kgCO2,550,745.84,표준배출계수,2024-04-29,2025-08-22
1560,2024-1560,(주)신성이엔지,김제공장,SS-DM555BH,SS-DM555BH_739.12kgCO2,555,739.12,표준배출계수,2024-04-29,2025-08-22
1561,2024-1561,(주)신성이엔지,김제공장,SS-DM550BH,SS-DM550BH_705.94kgCO2,550,705.94,표준배출계수,2024-04-29,2025-08-22
1562,2024-1562,(주)신성이엔지,김제공장,SS-DM555BH,SS-DM555BH_699.58kgCO2,555,699.58,표준배출계수,2024-04-29,2025-08-22
1563,2024-1563,에이치디현대에너지솔루션(주),음성공장,HiS-S500OH-ET,HiS-S500OH-ET_682.42kgCO2,500,682.42,표준배출계수,2024-06-28,2027-06-27
1564,2024-1564,에이치디현대에너지솔루션(주),음성공장,HiS-S500OH-OT,HiS-S500OH-OT_666.84kgCO2,500,666.84,표준배출계수,2024-06-28,2027-06-27
1565,2024-1565,에이치디현대에너지솔루션(주),음성공장,HiS-S500OH-OT,HiS-S500OH-OT_666.84kgCO2,500,666.84,표준배출계수,2024-06-28,2027-06-27
1566,2024-1566,에이치디현대에너지솔루션(주),음성공장,HiS-T625NJ-ES,HiS-T625NJ-ES_666.82kgCO2,625,666.82,표준배출계수,2024-06-28,2027-06-27
1567,2024-1567,에이치디현대에너지솔루션(주),음성공장,HiS-T630NJ-ES,HiS-T630NJ-ES_661.52kgCO2,630,661.52,표준배출계수,2024-06-28,2027-06-27
1568,2024-1568,에이치디현대에너지솔루션(주),음성공장,HiS-T635NJ-ES,HiS-T635NJ-ES_656.31kgCO2,635,656.31,표준배출계수,2024-06-28,2027-06-27
1569,2024-1569,한화솔루션(주),진천사업장,Q.TRON XL-G2.7/BFG 610,Q.TRON XL-G2.7/BFG 610_684.63kgCO2,610,684.63,표준배출계수,2024-06-28,2027-06-27
1570,2024-1570,한화솔루션(주),진천사업장,Q.TRON XL-G2.7/BFG 620,Q.TRON XL-G2.7/BFG 620_673.59kgCO2,620,673.59,표준배출계수,2024-06-28,2027-06-27
1571,2024-1571,한화솔루션(주),진천사업장,Q.TRON XL-G2.7/BFG 625,Q.TRON XL-G2.7/BFG 625_668.20kgCO2,625,668.2,표준배출계수,2024-06-28,2027-06-27
1572,2024-1572,한화솔루션(주),진천사업장,Q.TRON XL-G2.7/BFG 630,Q.TRON XL-G2.7/BFG 630_662.90kgCO2,630,662.9,표준배출계수,2024-06-28,2027-06-27
1573,2024-1573,한솔에너지온,한솔에너지온 오창공장,HS590XE-GHE10,HS590XE-GHE10_672.64kgCO2,590,672.64,표준배출계수,2024-06-28,2027-06-27
1574,2024-1574,한솔에너지온,한솔에너지온 오창공장,HS595XE-GHE10,HS595XE-GHE10_666.98kgCO2,595,666.98,표준배출계수,2024-06-28,2027-06-27
1575,2024-1575,한솔에너지온,한솔에너지온 오창공장,HS600XE-GHE10,HS600XE-GHE10_661.43kgCO2,600,661.43,표준배출계수,2024-06-28,2027-06-27
1576,2024-1576,한솔에너지온,한솔에너지온 오창공장,HS590XE-XHE00,HS590XE-XHE00_681.15kgCO2,590,681.15,표준배출계수,2024-06-28,2027-06-27
1577,2024-1577,한솔에너지온,한솔에너지온 오창공장,HS595XE-XHE00,HS595XE-XHE00_675.43kgCO2,595,675.43,표준배출계수,2024-06-28,2027-06-27
1578,2024-1578,한솔에너지온,한솔에너지온 오창공장,HS600XE-XHE00,HS600XE-XHE00_669.80kgCO2,600,669.8,표준배출계수,2024-06-28,2027-06-27
1579,2024-1579,(주)에스에너지,(주)에스에너지 대전공장,SL65-72TGJ-545S,SL65-72TGJ-545S_707.79kgCO2,545,707.79,표준배출계수,2024-06-28,2027-06-27
1580,2024-1580,(주)에스에너지,(주)에스에너지 대전공장,SL65-72TGJ-560S,SL65-72TGJ-560S_688.83kgCO2,560,688.83,표준배출계수,2024-06-28,2027-06-27
1581,2024-1581,(주)에스에너지,(주)에스에너지 대전공장,SL65-72TGJ-565S,SL65-72TGJ-565S_682.73kgCO2,565,682.73,표준배출계수,2024-06-28,2027-06-27
1582,2024-1582,(주)에스에너지,(주)에스에너지 대전공장,SL65-72TGJ-570S,SL65-72TGJ-570S_676.74kgCO2,570,676.74,표준배출계수,2024-06-28,2027-06-27
1583,2024-1583,(주)에스에너지,(주)에스에너지 대전공장,SL65-72TGJ-545S,SL65-72TGJ-545S_653.37kgCO2,545,653.37,표준배출계수,2024-06-28,2027-06-27
1584,2024-1584,(주)에스에너지,(주)에스에너지 대전공장,SL65-72TGJ-560S,SL65-72TGJ-560S_635.87kgCO2,560,635.87,표준배출계수,2024-06-28,2027-06-27
1585,2024-1585,(주)에스에너지,(주)에스에너지 대전공장,SL65-72TGJ-565S,SL65-72TGJ-565S_630.25kgCO2,565,630.25,표준배출계수,2024-06-28,2027-06-27
1586,2024-1586,(주)에스에너지,(주)에스에너지 대전공장,SL65-72TGJ-570S,SL65-72TGJ-570S_624.72kgCO2,570,624.72,표준배출계수,2024-06-28,2027-06-27
1587,2024-1587,(주)에스에너지,(주)에스에너지 대전공장,SL65-78TGJ-580S,SL65-78TGJ-580S_725.08kgCO2,580,725.08,표준배출계수,2024-06-28,2027-06-27
1588,2024-1588,(주)에스에너지,(주)에스에너지 대전공장,SL65-78TGJ-605S,SL65-78TGJ-605S_695.12kgCO2,605,695.12,표준배출계수,2024-06-28,2027-06-27
1589,2024-1589,(주)에스에너지,(주)에스에너지 대전공장,SL65-78TGJ-610S,SL65-78TGJ-610S_689.42kgCO2,610,689.42,표준배출계수,2024-06-28,2027-06-27
1590,2024-1590,(주)에스에너지,(주)에스에너지 대전공장,SL65-78TGJ-580S,SL65-78TGJ-580S_669.69kgCO2,580,669.69,표준배출계수,2024-06-28,2027-06-27
1591,2024-1591,(주)에스에너지,(주)에스에너지 대전공장,SL65-78TGJ-605S,SL65-78TGJ-605S_642.02kgCO2,605,642.02,표준배출계수,2024-06-28,2027-06-27
1592,2024-1592,(주)에스에너지,(주)에스에너지 대전공장,SL65-78TGJ-610S,SL65-78TGJ-610S_636.76kgCO2,610,636.76,표준배출계수,2024-06-28,2027-06-27
1593,2024-1593,(주)신성이엔지,김제공장,SS-DM540BH,SS-DM540BH_717.77kgCO2,540,717.77,표준배출계수,2024-06-28,2025-08-22
1594,2024-1594,(주)신성이엔지,김제공장,SS-DM540BH,SS-DM540BH_758.47kgCO2,540,758.47,표준배출계수,2024-06-28,2027-06-27
1595,2024-1595,(주)신성이엔지,김제공장,SS-DM560TD,SS-DM560TD_693.24kgCO2,560,693.24,표준배출계수,2024-06-28,2027-06-27
1596,2024-1596,(주)신성이엔지,김제공장,SS-DM565TD,SS-DM565TD_687.10kgCO2,565,687.1,표준배출계수,2024-06-28,2027-06-27
1597,2024-1597,(주)신성이엔지,김제공장,SS-DM570TD,SS-DM570TD_681.08kgCO2,570,681.08,표준배출계수,2024-06-28,2027-06-27
1598,2024-1598,(주)신성이엔지,김제공장,SS-CM600TE,SS-CM600TE_687.66kgCO2,600,687.66,표준배출계수,2024-06-28,2027-06-27
1599,2024-1599,(주)신성이엔지,김제공장,SS-CM595TE,SS-CM595TE_693.44kgCO2,595,693.44,표준배출계수,2024-06-28,2027-06-27
1600,2024-1600,(주)신성이엔지,김제공장,SS-CM590TE,SS-CM590TE_699.31kgCO2,590,699.31,표준배출계수,2024-06-28,2027-06-27
1601,2024-1601,에이치디현대에너지솔루션(주),음성공장,HiS-T640NJ-ES,HiS-T640NJ-ES_653.57kgCO2,640,653.57,표준배출계수,2024-08-29,2027-08-28
1602,2024-1602,에이치디현대에너지솔루션(주),음성공장,HiS-T625NJ-ES,HiS-T625NJ-ES_669.79kgCO2,625,669.79,표준배출계수,2024-08-29,2027-08-28
1603,2024-1603,에이치디현대에너지솔루션(주),음성공장,HiS-T630NJ-ES,HiS-T630NJ-ES_664.47kgCO2,630,664.47,표준배출계수,2024-08-29,2027-08-28
1604,2024-1604,에이치디현대에너지솔루션(주),음성공장,HiS-T635NJ-ES,HiS-T635NJ-ES_659.24kgCO2,635,659.24,표준배출계수,2024-08-29,2027-08-28
1605,2024-1605,에이치디현대에너지솔루션(주),음성공장,HiS-T640NJ-ES,HiS-T640NJ-ES_654.09kgCO2,640,654.09,표준배출계수,2024-08-29,2027-08-28
1606,2024-1606,에이치디현대에너지솔루션(주),음성공장,HiS-T625NJ-ES,HiS-T625NJ-ES_669.79kgCO2,625,669.79,표준배출계수,2024-08-29,2027-08-28
1607,2024-1607,에이치디현대에너지솔루션(주),음성공장,HiS-T630NJ-ES,HiS-T630NJ-ES_664.47kgCO2,630,664.47,표준배출계수,2024-08-29,2027-08-28
1608,2024-1608,에이치디현대에너지솔루션(주),음성공장,HiS-T635NJ-ES,HiS-T635NJ-ES_659.24kgCO2,635,659.24,표준배출계수,2024-08-29,2027-08-28
1609,2024-1609,에이치디현대에너지솔루션(주),음성공장,HiS-T640NJ-ES,HiS-T640NJ-ES_654.09kgCO2,640,654.09,표준배출계수,2024-08-29,2027-08-28
1610,2024-1610,한화솔루션(주),진천사업장,Q.TRON XL-G2.7/BFG 635,Q.TRON XL-G2.7/BFG 635_657.68kgCO2,635,657.68,표준배출계수,2024-08-29,2027-08-28
1611,2024-1611,(주)신성이엔지,김제공장,SS-DM540BH,SS-DM540BH_757.31kgCO2,540,757.31,표준배출계수,2024-08-29,2027-08-28
1612,2024-1612,(주)신성이엔지,김제공장,SS-DM545BH,SS-DM545BH_750.36kgCO2,545,750.36,표준배출계수,2024-08-29,2027-08-28
1613,2024-1613,(주)신성이엔지,김제공장,SS-DM550BH,SS-DM550BH_743.54kgCO2,550,743.54,표준배출계수,2024-08-29,2027-08-28
1614,2024-1614,(주)에스에너지,(주)에스에너지 대전공장,SE65-72BGJ-540S,SE65-72BGJ-540S_679.85kgCO2,540,679.85,표준배출계수,2024-08-29,2027-08-28
1615,2024-1615,(주)에스에너지,(주)에스에너지 대전공장,SE65-72BGJ-535S,SE65-72BGJ-535S_686.20kgCO2,535,686.2,표준배출계수,2024-08-29,2027-08-28
1616,2024-1616,(주)에스에너지,(주)에스에너지 대전공장,SE65-72BGJ-545S,SE65-72BGJ-545S_673.61kgCO2,545,673.61,표준배출계수,2024-08-29,2027-08-28
1617,2024-1617,(주)에스에너지,(주)에스에너지 대전공장,SE65-78BGJ-575S,SE65-78BGJ-575S_696.30kgCO2,575,696.3,표준배출계수,2024-08-29,2027-08-28
1618,2024-1618,(주)에스에너지,(주)에스에너지 대전공장,SE65-78BGJ-580S,SE65-78BGJ-580S_690.30kgCO2,580,690.3,표준배출계수,2024-08-29,2027-08-28
1619,2024-1619,(주)에스에너지,(주)에스에너지 대전공장,SE65-78BGJ-585S,SE65-78BGJ-585S_684.40kgCO2,585,684.4,표준배출계수,2024-08-29,2027-08-28
1620,2024-1620,(주)에스에너지,(주)에스에너지 대전공장,SE65-78BGJ-595S,SE65-78BGJ-595S_672.90kgCO2,595,672.9,표준배출계수,2024-08-29,2027-08-28
1621,2024-1621,(주)에스에너지,(주)에스에너지 대전공장,SE65-78BGJ-600S,SE65-78BGJ-600S_667.29kgCO2,600,667.29,표준배출계수,2024-08-29,2027-08-28
1622,2024-1622,(주)에스에너지,(주)에스에너지 대전공장,SL65-66BAJ-500S(BIPV),SL65-66BAJ-500S(BIPV)_673.42kgCO2,500,673.42,표준배출계수,2024-08-29,2027-08-28
1623,2024-1623,(주)에스에너지,(주)에스에너지 대전공장,SL65-72BGJ-540S(BIPV),SL65-72BGJ-540S(BIPV)_676.96kgCO2,540,676.96,표준배출계수,2024-08-29,2027-08-28
1624,2024-1624,(주)에스에너지,(주)에스에너지 대전공장,SL65-72BGJ-545S(BIPV),SL65-72BGJ-545S(BIPV)_670.75kgCO2,545,670.75,표준배출계수,2024-08-29,2027-08-28
1625,2024-1625,(주)에스에너지,(주)에스에너지 대전공장,SL65-72BGJ-550S(BIPV),SL65-72BGJ-550S(BIPV)_664.65kgCO2,550,664.65,표준배출계수,2024-08-29,2027-08-28
1626,2024-1626,한솔에너지온,한솔에너지온 오창공장,HD590XE-GHE10,HD590XE-GHE10_673.22kgCO2,590,673.22,표준배출계수,2024-08-29,2027-08-28
1627,2024-1627,한솔에너지온,한솔에너지온 오창공장,HD595XE-GHE10,HD595XE-GHE10_667.56kgCO2,595,667.56,표준배출계수,2024-08-29,2027-08-28
1628,2024-1628,한솔에너지온,한솔에너지온 오창공장,HD600XE-GHE10,HD600XE-GHE10_662.00kgCO2,600,662,표준배출계수,2024-08-29,2027-08-28
1629,2024-1629,(주)신성이엔지,김제공장,SS-CM600TE,SS-CM600TE_678.92kgCO2,600,678.92,표준배출계수,2024-11-01,2027-10-31
1630,2024-1630,(주)신성이엔지,김제공장,SS-CM595TE,SS-CM595TE_684.63kgCO2,595,684.63,표준배출계수,2024-11-01,2027-10-31
1631,2024-1631,(주)신성이엔지,김제공장,SS-CM610TE,SS-CM610TE_667.79kgCO2,610,667.79,표준배출계수,2024-11-01,2027-10-31
1632,2024-1632,(주)신성이엔지,김제공장,SS-CM605TE,SS-CM605TE_673.31kgCO2,605,673.31,표준배출계수,2024-11-01,2027-10-31
1633,2024-1633,(주)에스에너지,(주)에스에너지 대전공장,SL65-78TGJ-605S1,SL65-78TGJ-605S1_696.75kgCO2,605,696.75,표준배출계수,2024-11-01,2027-10-31
1634,2024-1634,(주)에스에너지,(주)에스에너지 대전공장,SL65-78TGJ-620S1,SL65-78TGJ-620S1_679.89kgCO2,620,679.89,표준배출계수,2024-11-01,2027-10-31
1635,2024-1635,(주)에스에너지,(주)에스에너지 대전공장,SL65-78TGJ-625S1,SL65-78TGJ-625S1_674.45kgCO2,625,674.45,표준배출계수,2024-11-01,2027-10-31
1636,2024-1636,(주)에스에너지,(주)에스에너지 대전공장,SL65-78TGJ-630S1,SL65-78TGJ-630S1_669.10kgCO2,630,669.1,표준배출계수,2024-11-01,2027-10-31
1637,2024-1637,(주)에스에너지,(주)에스에너지 대전공장,SL65-78TGP-620S,SL65-78TGP-620S_679.89kgCO2,620,679.89,표준배출계수,2024-11-01,2027-10-31
1638,2024-1638,(주)에스에너지,(주)에스에너지 대전공장,SL65-78TGP-625S,SL65-78TGP-625S_674.45kgCO2,625,674.45,표준배출계수,2024-11-01,2027-10-31
1639,2024-1639,(주)에스에너지,(주)에스에너지 대전공장,SL65-78TGP-630S,SL65-78TGP-630S_669.10kgCO2,630,669.1,표준배출계수,2024-11-01,2027-10-31
1640,2024-1640,한솔에너지온,한솔에너지온 오창공장,HS505WE-GHD50,HS505WE-GHD50_603.56kgCO2,505,603.56,표준배출계수,2024-11-01,2027-10-31
1641,2024-1641,한솔에너지온,한솔에너지온 오창공장,HS500WE-GHD50,HS500WE-GHD50_609.60kgCO2,500,609.6,표준배출계수,2024-11-01,2027-10-31
1642,2024-1642,한솔에너지온,한솔에너지온 오창공장,HS495WE-GHD50,HS495WE-GHD50_615.76kgCO2,495,615.76,표준배출계수,2024-11-01,2027-10-31
1643,2024-1643,한솔에너지온,한솔에너지온 오창공장,HS505WE-GHD50,HS505WE-GHD50_679.87kgCO2,505,679.87,표준배출계수,2024-11-01,2027-10-31
1644,2024-1644,한솔에너지온,한솔에너지온 오창공장,HS500WE-GHD50,HS500WE-GHD50_686.67kgCO2,500,686.67,표준배출계수,2024-11-01,2027-10-31
1645,2024-1645,한솔에너지온,한솔에너지온 오창공장,HS495WE-GHD50,HS495WE-GHD50_693.60kgCO2,495,693.6,표준배출계수,2024-11-01,2027-10-31
1646,2024-1646,한솔에너지온,한솔에너지온 오창공장,HS590XE-GHE10,HS590XE-GHE10_673.14kgCO2,590,673.14,표준배출계수,2024-11-01,2027-10-31
1647,2024-1647,한솔에너지온,한솔에너지온 오창공장,HS595XE-GHE10,HS595XE-GHE10_667.48kgCO2,595,667.48,표준배출계수,2024-11-01,2027-10-31
1648,2024-1648,한솔에너지온,한솔에너지온 오창공장,HS600XE-GHE10,HS600XE-GHE10_661.92kgCO2,600,661.92,표준배출계수,2024-11-01,2027-10-31
1649,2024-1649,한솔에너지온,한솔에너지온 오창공장,HD590XE-GHE10,HD590XE-GHE10_673.14kgCO2,590,673.14,표준배출계수,2024-11-01,2027-10-31
1650,2024-1650,한솔에너지온,한솔에너지온 오창공장,HD595XE-GHE10,HD595XE-GHE10_667.48kgCO2,595,667.48,표준배출계수,2024-11-01,2027-10-31
1651,2024-1651,한솔에너지온,한솔에너지온 오창공장,HD600XE-GHE10,HD600XE-GHE10_661.92kgCO2,600,661.92,표준배출계수,2024-11-01,2027-10-31
1652,2024-1652,한화솔루션(주),진천사업장,Q.TRON XL-G2.7/BFG 620,Q.TRON XL-G2.7/BFG 620_671.08kgCO2,620,671.08,표준배출계수,2024-11-01,2027-10-31
1653,2024-1653,한화솔루션(주),진천사업장,Q.TRON XL-G2.7/BFG 625,Q.TRON XL-G2.7/BFG 625_665.71kgCO2,625,665.71,표준배출계수,2024-11-01,2027-10-31
1654,2024-1654,한화솔루션(주),진천사업장,Q.TRON XL-G2.7/BFG 630,Q.TRON XL-G2.7/BFG 630_660.43kgCO2,630,660.43,표준배출계수,2024-11-01,2027-10-31
1655,2024-1655,한화솔루션(주),진천사업장,Q.TRON XL-G2.7/BFG 635,Q.TRON XL-G2.7/BFG 635_655.23kgCO2,635,655.23,표준배출계수,2024-11-01,2027-10-31
1656,2024-1656,한화솔루션(주),진천사업장,Q.TRON XL-G2.7/BFG 620,Q.TRON XL-G2.7/BFG 620_679.71kgCO2,620,679.71,표준배출계수,2024-11-01,2027-10-31
1657,2024-1657,한화솔루션(주),진천사업장,Q.TRON XL-G2.7/BFG 625,Q.TRON XL-G2.7/BFG 625_674.27kgCO2,625,674.27,표준배출계수,2024-11-01,2027-10-31
1658,2024-1658,한화솔루션(주),진천사업장,Q.TRON XL-G2.7/BFG 630,Q.TRON XL-G2.7/BFG 630_668.92kgCO2,630,668.92,표준배출계수,2024-11-01,2027-10-31
1659,2024-1659,한화솔루션(주),진천사업장,Q.TRON XL-G2.7/BFG 635,Q.TRON XL-G2.7/BFG 635_663.66kgCO2,635,663.66,표준배출계수,2024-11-01,2027-10-31
1660,2024-1660,한화솔루션(주),진천사업장,Q.TRON XL-G2.7/BFG 620,Q.TRON XL-G2.7/BFG 620_677.20kgCO2,620,677.2,표준배출계수,2024-11-01,2027-10-31
1661,2024-1661,한화솔루션(주),진천사업장,Q.TRON XL-G2.7/BFG 625,Q.TRON XL-G2.7/BFG 625_671.78kgCO2,625,671.78,표준배출계수,2024-11-01,2027-10-31
1662,2024-1662,한화솔루션(주),진천사업장,Q.TRON XL-G2.7/BFG 630,Q.TRON XL-G2.7/BFG 630_666.45kgCO2,630,666.45,표준배출계수,2024-11-01,2027-10-31
1663,2024-1663,한화솔루션(주),진천사업장,Q.TRON XL-G2.7/BFG 635,Q.TRON XL-G2.7/BFG 635_661.21kgCO2,635,661.21,표준배출계수,2024-11-01,2027-10-31
1664,2024-1664,(주)에스에너지,(주)에스에너지 대전공장,SL65-66BAJ-500S(BIPV),SL65-66BAJ-500S(BIPV)_668.54kgCO2,500,668.54,표준배출계수,2024-12-19,2027-12-18
1665,2024-1665,(주)에스에너지,(주)에스에너지 대전공장,SL65-66BAJ-490S,SL65-66BAJ-490S_682.18kgCO2,490,682.18,표준배출계수,2024-12-19,2027-12-18
1666,2024-1666,(주)에스에너지,(주)에스에너지 대전공장,SL65-66BAJ-495S,SL65-66BAJ-495S_675.29kgCO2,495,675.29,표준배출계수,2024-12-19,2027-12-18
1667,2024-1667,(주)에스에너지,(주)에스에너지 대전공장,SL65-66BAJ-500S,SL65-66BAJ-500S_668.54kgCO2,500,668.54,표준배출계수,2024-12-19,2027-12-18
1668,2024-1668,(주)네오테크,"LONGi Solar Technology (Jiaxing) Co., Ltd.",LR7-72HGD-600M,LR7-72HGD-600M_680.74kgCO2,600,680.74,표준배출계수,2024-12-19,2025-06-11
1669,2024-1669,(주)네오테크,"LONGi Solar Technology (Jiaxing) Co., Ltd.",LR7-72HGD-605M,LR7-72HGD-605M_675.12kgCO2,605,675.12,표준배출계수,2024-12-19,2025-06-11
1670,2024-1670,(주)네오테크,"LONGi Solar Technology (Jiaxing) Co., Ltd.",LR7-72HGD-610M,LR7-72HGD-610M_669.58kgCO2,610,669.58,표준배출계수,2024-12-19,2025-06-11
1671,2024-1671,(주)네오테크,"LONGi Solar Technology (Jiaxing) Co., Ltd.",LR7-72HGD-615M,LR7-72HGD-615M_664.14kgCO2,615,664.14,표준배출계수,2024-12-19,2025-06-11
1672,2024-1672,(주)네오테크,"LONGi Solar Technology (Jiaxing) Co., Ltd.",LR7-72HGD-620M,LR7-72HGD-620M_658.78kgCO2,620,658.78,표준배출계수,2024-12-19,2025-06-11
1673,2024-1673,한솔에너지온,한솔에너지온 오창공장,HS625AE-NHE00,HS625AE-NHE00_668.63kgCO2,625,668.63,표준배출계수,2024-12-19,2027-12-18
1674,2024-1674,한솔에너지온,한솔에너지온 오창공장,HS630AE-NHE00,HS630AE-NHE00_663.33kgCO2,630,663.33,표준배출계수,2024-12-19,2027-12-18
1675,2024-1675,한솔에너지온,한솔에너지온 오창공장,HS635AE-NHE00,HS635AE-NHE00_658.10kgCO2,635,658.1,표준배출계수,2024-12-19,2027-12-18
1676,2024-1676,한솔에너지온,한솔에너지온 오창공장,HS625AE-NHE00,HS625AE-NHE00_668.63kgCO2,625,668.63,표준배출계수,2024-12-19,2027-12-18
1677,2024-1677,한솔에너지온,한솔에너지온 오창공장,HS630AE-NHE00,HS630AE-NHE00_663.33kgCO2,630,663.33,표준배출계수,2024-12-19,2027-12-18
1678,2024-1678,한솔에너지온,한솔에너지온 오창공장,HS635AE-NHE00,HS635AE-NHE00_658.10kgCO2,635,658.1,표준배출계수,2024-12-19,2027-12-18
1679,2024-1679,한솔에너지온,한솔에너지온 오창공장,HS500XC-GHE20,HS500XC-GHE20_668.30kgCO2,500,668.3,표준배출계수,2024-12-19,2027-12-18
1680,2024-1680,한솔에너지온,한솔에너지온 오창공장,HS505XC-GHE20,HS505XC-GHE20_661.68kgCO2,505,661.68,표준배출계수,2024-12-19,2027-12-18
1681,2024-1681,에이치디현대에너지솔루션(주),음성공장,HiS-T630UJ-ES,HiS-T630UJ-ES_672.19kgCO2,630,672.19,표준배출계수,2024-12-19,2027-12-18
1682,2024-1682,에이치디현대에너지솔루션(주),음성공장,HiS-T635UJ-ES,HiS-T635UJ-ES_666.89kgCO2,635,666.89,표준배출계수,2024-12-19,2027-12-18
1683,2024-1683,에이치디현대에너지솔루션(주),음성공장,HiS-T500NR-ES,HiS-T500NR-ES_648.32kgCO2,500,648.32,표준배출계수,2024-12-19,2027-12-18
1684,2025-1684,(주)신성이엔지,김제공장,SS-CM600TE,SS-CM600TE_669.58kgCO2,600,669.58,표준배출계수,2025-02-28,2028-02-27
1685,2025-1685,(주)신성이엔지,김제공장,SS-CM600TG,SS-CM600TG_669.58kgCO2,600,669.58,표준배출계수,2025-02-28,2028-02-27
1686,2025-1686,(주)신성이엔지,김제공장,SS-CM605TE,SS-CM605TE_664.04kgCO2,605,664.04,표준배출계수,2025-02-28,2028-02-27
1687,2025-1687,(주)신성이엔지,김제공장,SS-CM610TE,SS-CM610TE_658.60kgCO2,610,658.6,표준배출계수,2025-02-28,2028-02-27
1688,2025-1688,(주)신성이엔지,김제공장,SS-CM595TG,SS-CM595TG_675.21kgCO2,595,675.21,표준배출계수,2025-02-28,2028-02-27
1689,2025-1689,한화솔루션(주),진천사업장,Q.PEAK DUO ML-G11.5/BFG KJ1 490,Q.PEAK DUO ML-G11.5/BFG KJ1 490_692.48kgCO2,490,692.48,표준배출계수,2025-02-28,2028-02-27
1690,2025-1690,한화솔루션(주),진천사업장,Q.PEAK DUO ML-G11.5/BFG KJ1 495,Q.PEAK DUO ML-G11.5/BFG KJ1 495_685.48kgCO2,495,685.48,표준배출계수,2025-02-28,2028-02-27
1691,2025-1691,한화솔루션(주),진천사업장,Q.PEAK DUO ML-G11.5/BFG KJ1 500,Q.PEAK DUO ML-G11.5/BFG KJ1 500_678.63kgCO2,500,678.63,표준배출계수,2025-02-28,2028-02-27
1692,2025-1692,한화솔루션(주),진천사업장,Q.PEAK DUO ML-G11.5/BFG KJ1 505,Q.PEAK DUO ML-G11.5/BFG KJ1 505_671.91kgCO2,505,671.91,표준배출계수,2025-02-28,2028-02-27
1693,2025-1693,한화솔루션(주),진천사업장,Q.PEAK DUO ML-G11.5/BFG KJ1 510,Q.PEAK DUO ML-G11.5/BFG KJ1 510_665.32kgCO2,510,665.32,표준배출계수,2025-02-28,2028-02-27
1694,2025-1694,에이치디현대에너지솔루션(주),음성공장,HiS-T645NJ-ES,HiS-T645NJ-ES_648.29kgCO2,645,648.29,표준배출계수,2025-02-28,2028-02-27
1695,2025-1695,에이치디현대에너지솔루션(주),음성공장,HiS-T645NJ-ES,HiS-T645NJ-ES_648.29kgCO2,645,648.29,표준배출계수,2025-02-28,2028-02-27
1696,2025-1696,한화솔루션(주),진천사업장,Q.TRON XL-G2R.9/BFG 635,Q.TRON XL-G2R.9/BFG 635_659.67kgCO2,635,659.67,표준배출계수,2025-03-14,2028-03-13
1697,2025-1697,한화솔루션(주),진천사업장,Q.TRON XL-G2R.9/BFG 640,Q.TRON XL-G2R.9/BFG 640_654.52kgCO2,640,654.52,표준배출계수,2025-03-14,2028-03-13
1698,2025-1698,한화솔루션(주),진천사업장,Q.TRON XL-G2R.9/BFG 635,Q.TRON XL-G2R.9/BFG 635_659.30kgCO2,635,659.3,표준배출계수,2025-03-14,2028-03-13
1699,2025-1699,한화솔루션(주),진천사업장,Q.TRON XL-G2R.9/BFG 640,Q.TRON XL-G2R.9/BFG 640_654.15kgCO2,640,654.15,표준배출계수,2025-03-14,2028-03-13
1700,2025-1700,한화솔루션(주),진천사업장,Q.TRON G2R.9/BFG 485,Q.TRON G2R.9/BFG 485_672.30kgCO2,485,672.3,표준배출계수,2025-03-14,2028-03-13
1701,2025-1701,한화솔루션(주),진천사업장,Q.TRON G2R.9/BFG 490,Q.TRON G2R.9/BFG 490_665.44kgCO2,490,665.44,표준배출계수,2025-03-14,2028-03-13
1702,2025-1702,한화솔루션(주),진천사업장,Q.TRON G2R.9/BFG 495,Q.TRON G2R.9/BFG 495_658.72kgCO2,495,658.72,표준배출계수,2025-03-14,2028-03-13
1703,2025-1703,에스디엔(주),광주첨단공장,Sdm640-THBA-A1,Sdm640-THBA-A1_658.55kgCO2,640,658.55,표준배출계수,2025-03-28,2025-06-20
1704,2025-1704,에스디엔(주),광주첨단공장,Sdm635-THBA-A1,Sdm635-THBA-A1_663.74kgCO2,635,663.74,표준배출계수,2025-03-28,2025-06-20
1705,2025-1705,에스디엔(주),광주첨단공장,Sdm630-THBA-A1,Sdm630-THBA-A1_669.01kgCO2,630,669.01,표준배출계수,2025-03-28,2028-03-27
1706,2025-1706,한솔에너지온,한솔에너지온 오창공장,HS500XC-GHE30,HS500XC-GHE30_668.31kgCO2,500,668.31,표준배출계수,2025-03-28,2028-03-27
1707,2025-1707,한솔에너지온,한솔에너지온 오창공장,HS640AE-NHE00,HS640AE-NHE00_652.96kgCO2,640,652.96,표준배출계수,2025-04-25,2028-04-24
1708,2025-1708,한솔에너지온,한솔에너지온 오창공장,HS645AE-NHE00,HS645AE-NHE00_647.90kgCO2,645,647.9,표준배출계수,2025-04-25,2028-04-24
1709,2025-1709,한화솔루션(주),진천사업장,Q.TRON XL-G2R.9/BFG 645,Q.TRON XL-G2R.9/BFG 645_649.08kgCO2,645,649.08,표준배출계수,2025-04-25,2028-04-24
1710,2025-1710,에이치디현대에너지솔루션(주),음성공장,HiS-T640UJ-ES,HiS-T640UJ-ES_662.28kgCO2,640,662.28,표준배출계수,2025-04-25,2028-04-24
1711,2025-1711,에이치디현대에너지솔루션(주),음성공장,HiS-T625NJ-OS,HiS-T625NJ-OS_643.74kgCO2,625,643.74,표준배출계수,2025-04-25,2028-04-24
1712,2025-1712,에이치디현대에너지솔루션(주),음성공장,HiS-T630NJ-OS,HiS-T630NJ-OS_638.63kgCO2,630,638.63,표준배출계수,2025-04-25,2028-04-24
1713,2025-1713,에이치디현대에너지솔루션(주),음성공장,HiS-T635NJ-OS,HiS-T635NJ-OS_633.60kgCO2,635,633.6,표준배출계수,2025-04-25,2028-04-24
1714,2025-1714,에이치디현대에너지솔루션(주),음성공장,HiS-T640NJ-OS,HiS-T640NJ-OS_628.65kgCO2,640,628.65,표준배출계수,2025-04-25,2028-04-24
1715,2025-1715,에이치디현대에너지솔루션(주),음성공장,HiS-T625NJ-OS,HiS-T625NJ-OS_643.74kgCO2,625,643.74,표준배출계수,2025-04-25,2028-04-24
1716,2025-1716,에이치디현대에너지솔루션(주),음성공장,HiS-T630NJ-OS,HiS-T630NJ-OS_638.63kgCO2,630,638.63,표준배출계수,2025-04-25,2028-04-24
1717,2025-1717,에이치디현대에너지솔루션(주),음성공장,HiS-T635NJ-OS,HiS-T635NJ-OS_633.60kgCO2,635,633.6,표준배출계수,2025-04-25,2028-04-24
1718,2025-1718,에이치디현대에너지솔루션(주),음성공장,HiS-T640NJ-OS,HiS-T640NJ-OS_628.65kgCO2,640,628.65,표준배출계수,2025-04-25,2028-04-24
1719,2025-1719,에스디엔(주),광주첨단공장,Sdm640-THBA-A1S,Sdm640-THBA-A1S_653.64kgCO2,640,653.64,표준배출계수,2025-04-25,2028-04-24
1720,2025-1720,에스디엔(주),광주첨단공장,Sdm630-THBA-A1S,Sdm630-THBA-A1S_664.02kgCO2,630,664.02,표준배출계수,2025-04-25,2028-04-24
1721,2025-1721,에스디엔(주),광주첨단공장,Sdm635-THBA-A1S,Sdm635-THBA-A1S_658.79kgCO2,635,658.79,표준배출계수,2025-04-25,2028-04-24
1722,2025-1722,(주)신성이엔지,김제공장,SS-CM610TE,SS-CM610TE_649.10kgCO2,610,649.1,표준배출계수,2025-04-25,2028-04-24
1723,2025-1723,(주)신성이엔지,김제공장,SS-CM605TH,SS-CM605TH_669.32kgCO2,605,669.32,표준배출계수,2025-04-25,2028-04-24
1724,2025-1724,(주)신성이엔지,김제공장,SS-DM540BH,SS-DM540BH_697.44kgCO2,540,697.44,표준배출계수,2025-04-25,2028-04-24
1725,2025-1725,(주)에스에너지,(주)에스에너지 대전공장,SL65-78TGP-620S,SL65-78TGP-620S_672.72kgCO2,620,672.72,표준배출계수,2025-04-25,2028-04-24
1726,2025-1726,(주)에스에너지,(주)에스에너지 대전공장,SL65-78TGP-625S,SL65-78TGP-625S_667.34kgCO2,625,667.34,표준배출계수,2025-04-25,2028-04-24
1727,2025-1727,(주)에스에너지,(주)에스에너지 대전공장,SL65-78TGP-630S,SL65-78TGP-630S_662.05kgCO2,630,662.05,표준배출계수,2025-04-25,2028-04-24
1728,2025-1728,(주)에스에너지,(주)에스에너지 대전공장,SL65-78TGP-635S,SL65-78TGP-635S_656.83kgCO2,635,656.83,표준배출계수,2025-04-25,2028-04-24
1729,2025-1729,(주)에스에너지,(주)에스에너지 대전공장,SL65-78TGP-640S,SL65-78TGP-640S_651.70kgCO2,640,651.7,표준배출계수,2025-04-25,2028-04-24
1730,2025-1730,에이치디현대에너지솔루션(주),음성공장,HiS-T645NJ-OS,HiS-T645NJ-OS_623.79kgCO2,645,623.79,표준배출계수,2025-05-30,2028-05-29
1731,2025-1731,에이치디현대에너지솔루션(주),음성공장,HiS-T645NJ-OS,HiS-T645NJ-OS_623.79kgCO2,645,623.79,표준배출계수,2025-05-30,2028-05-29
1732,2025-1732,에이치디현대에너지솔루션(주),음성공장,HiS-T500NR-ESB,HiS-T500NR-ESB_648.38kgCO2,500,648.38,표준배출계수,2025-05-30,2028-05-29
1733,2025-1733,(주)에스에너지,(주)에스에너지 대전공장,SL65-78TGP-620S,SL65-78TGP-620S_666.79kgCO2,620,666.79,표준배출계수,2025-05-30,2028-05-29
1734,2025-1734,(주)에스에너지,(주)에스에너지 대전공장,SL65-78TGP-625S,SL65-78TGP-625S_661.46kgCO2,625,661.46,표준배출계수,2025-05-30,2028-05-29
1735,2025-1735,(주)에스에너지,(주)에스에너지 대전공장,SL65-78TGP-630S,SL65-78TGP-630S_656.21kgCO2,630,656.21,표준배출계수,2025-05-30,2028-05-29
1736,2025-1736,(주)에스에너지,(주)에스에너지 대전공장,SL65-78TGP-635S,SL65-78TGP-635S_651.04kgCO2,635,651.04,표준배출계수,2025-05-30,2028-05-29
1737,2025-1737,(주)에스에너지,(주)에스에너지 대전공장,SL65-78TGP-640S,SL65-78TGP-640S_645.96kgCO2,640,645.96,표준배출계수,2025-05-30,2028-05-29
1738,2025-1738,한솔에너지온,한솔에너지온 오창공장,HS625AE-NHE00,HS625AE-NHE00_668.96kgCO2,625,668.96,표준배출계수,2025-08-22,2028-08-21
1739,2025-1739,한솔에너지온,한솔에너지온 오창공장,HS630AE-NHE00,HS630AE-NHE00_663.65kgCO2,630,663.65,표준배출계수,2025-08-22,2028-08-21
1740,2025-1740,한솔에너지온,한솔에너지온 오창공장,HS635AE-NHE00,HS635AE-NHE00_658.42kgCO2,635,658.42,표준배출계수,2025-08-22,2028-08-21
1741,2025-1741,한솔에너지온,한솔에너지온 오창공장,HS640AE-NHE00,HS640AE-NHE00_653.28kgCO2,640,653.28,표준배출계수,2025-08-22,2028-08-21
1742,2025-1742,한솔에너지온,한솔에너지온 오창공장,HS645AE-NHE00,HS645AE-NHE00_648.22kgCO2,645,648.22,표준배출계수,2025-08-22,2028-08-21
1743,2025-1743,한솔에너지온,한솔에너지온 오창공장,HS625AE-NHE00,HS625AE-NHE00_668.96kgCO2,625,668.96,표준배출계수,2025-08-22,2028-08-21
1744,2025-1744,한솔에너지온,한솔에너지온 오창공장,HS630AE-NHE00,HS630AE-NHE00_663.65kgCO2,630,663.65,표준배출계수,2025-08-22,2028-08-21
1745,2025-1745,한솔에너지온,한솔에너지온 오창공장,HS635AE-NHE00,HS635AE-NHE00_658.42kgCO2,635,658.42,표준배출계수,2025-08-22,2028-08-21
1746,2025-1746,한솔에너지온,한솔에너지온 오창공장,HS640AE-NHE00,HS640AE-NHE00_653.28kgCO2,640,653.28,표준배출계수,2025-08-22,2028-08-21
1747,2025-1747,한솔에너지온,한솔에너지온 오창공장,HS645AE-NHE00,HS645AE-NHE00_648.22kgCO2,645,648.22,표준배출계수,2025-08-22,2028-08-21
1748,2025-1748,한화솔루션(주),진천사업장,Q.TRON XL-G2R.9/BFG 635,Q.TRON XL-G2R.9/BFG 635_658.68kgCO2,635,658.68,표준배출계수,2025-08-22,2028-08-21
1749,2025-1749,한화솔루션(주),진천사업장,Q.TRON XL-G2R.9/BFG 640,Q.TRON XL-G2R.9/BFG 640_653.53kgCO2,640,653.53,표준배출계수,2025-08-22,2028-08-21
1750,2025-1750,한화솔루션(주),진천사업장,Q.TRON XL-G2R.9/BFG 645,Q.TRON XL-G2R.9/BFG 645_648.47kgCO2,645,648.47,표준배출계수,2025-08-22,2028-08-21
1751,2025-1751,한화솔루션(주),진천사업장,Q.TRON XL-G2R.9/BFG 635,Q.TRON XL-G2R.9/BFG 635_659.78kgCO2,635,659.78,표준배출계수,2025-08-22,2028-08-21
1752,2025-1752,한화솔루션(주),진천사업장,Q.TRON XL-G2R.9/BFG 640,Q.TRON XL-G2R.9/BFG 640_654.62kgCO2,640,654.62,표준배출계수,2025-08-22,2028-08-21
1753,2025-1753,한화솔루션(주),진천사업장,Q.TRON XL-G2R.9/BFG 645,Q.TRON XL-G2R.9/BFG 645_649.55kgCO2,645,649.55,표준배출계수,2025-08-22,2028-08-21
1754,2025-1754,한화솔루션(주),진천사업장,Q.TRON XL-G2R.9/BFG 635,Q.TRON XL-G2R.9/BFG 635_659.16kgCO2,635,659.16,표준배출계수,2025-08-22,2028-08-21
1755,2025-1755,한화솔루션(주),진천사업장,Q.TRON XL-G2R.9/BFG 640,Q.TRON XL-G2R.9/BFG 640_654.01kgCO2,640,654.01,표준배출계수,2025-08-22,2028-08-21
1756,2025-1756,한화솔루션(주),진천사업장,Q.TRON XL-G2R.9/BFG 645,Q.TRON XL-G2R.9/BFG 645_648.94kgCO2,645,648.94,표준배출계수,2025-08-22,2028-08-21
1757,2025-1757,(주)에스에너지,(주)에스에너지 대전공장,SL65-60TGP-490S,SL65-60TGP-490S_652.52kgCO2,490,652.52,표준배출계수,2025-08-22,2028-08-21
1758,2025-1758,(주)에스에너지,(주)에스에너지 대전공장,SL65-60TGP-495S,SL65-60TGP-495S_645.93kgCO2,495,645.93,표준배출계수,2025-08-22,2028-08-21
1759,2025-1759,(주)에스에너지,(주)에스에너지 대전공장,SL65-60TGP-500S,SL65-60TGP-500S_639.47kgCO2,500,639.47,표준배출계수,2025-08-22,2028-08-21
1760,2025-1760,한솔에너지온,한솔에너지온 오창공장,HD435XA-THE10,HD435XA-THE10_717.60kgCO2,435,717.6,표준배출계수,2025-09-26,2028-09-25
1761,2025-1761,한솔에너지온,한솔에너지온 오창공장,HD440XA-THE10,HD440XA-THE10_709.45kgCO2,440,709.45,표준배출계수,2025-09-26,2028-09-25
1762,2025-1762,에스디엔(주),광주첨단공장,SdFm640-THBA-A1S,SdFm640-THBA-A1S_661.65kgCO2,640,661.65,표준배출계수,2025-11-07,2028-11-06
1763,2025-1763,에스디엔(주),광주첨단공장,SdFm635-THBA-A1S,SdFm635-THBA-A1S_666.86kgCO2,635,666.86,표준배출계수,2025-11-07,2028-11-06
1764,2025-1764,에스디엔(주),광주첨단공장,SdFm630-THBA-A1S,SdFm630-THBA-A1S_672.15kgCO2,630,672.15,표준배출계수,2025-11-07,2028-11-06
1765,2025-1765,에이치디현대에너지솔루션(주),음성공장,HiS-T635NJ-ES,HiS-T635NJ-ES_657.41kgCO2,635,657.41,표준배출계수,2025-11-07,2028-11-06
1766,2025-1766,에이치디현대에너지솔루션(주),음성공장,HiS-T640NJ-ES,HiS-T640NJ-ES_652.28kgCO2,640,652.28,표준배출계수,2025-11-07,2028-11-06
1767,2025-1767,에이치디현대에너지솔루션(주),음성공장,HiS-T645NJ-ES,HiS-T645NJ-ES_647.22kgCO2,645,647.22,표준배출계수,2025-11-07,2028-11-06
1768,2025-1768,한화솔루션(주),진천사업장,Q.TRON G2R.9/BFG 485,Q.TRON G2R.9/BFG 485_671.92kgCO2,485,671.92,표준배출계수,2025-11-07,2028-11-06
1769,2025-1769,한화솔루션(주),진천사업장,Q.TRON G2R.9/BFG 490,Q.TRON G2R.9/BFG 490_665.06kgCO2,490,665.06,표준배출계수,2025-11-07,2028-11-06
1770,2025-1770,한화솔루션(주),진천사업장,Q.TRON G2R.9/BFG 495,Q.TRON G2R.9/BFG 495_658.35kgCO2,495,658.35,표준배출계수,2025-11-07,2028-11-06
1771,2025-1771,한화솔루션(주),진천사업장,Q.TRON G2R.9/BFG 500,Q.TRON G2R.9/BFG 500_651.76kgCO2,500,651.76,표준배출계수,2025-11-07,2028-11-06
1772,2025-1772,에이치디현대에너지솔루션(주),음성공장,HiS-T645UJ-ES,HiS-T645UJ-ES_657.14kgCO2,645,657.14,표준배출계수,2025-12-19,2028-12-18
1773,2025-1773,에이치디현대에너지솔루션(주),음성공장,HiS-T630UJ-OS,HiS-T630UJ-OS_648.80kgCO2,630,648.8,표준배출계수,2025-12-19,2028-12-18
1774,2025-1774,에이치디현대에너지솔루션(주),음성공장,HiS-T635UJ-OS,HiS-T635UJ-OS_643.69kgCO2,635,643.69,표준배출계수,2025-12-19,2028-12-18
1775,2025-1775,에이치디현대에너지솔루션(주),음성공장,HiS-T640UJ-OS,HiS-T640UJ-OS_638.66kgCO2,640,638.66,표준배출계수,2025-12-19,2028-12-18
1776,2025-1776,한솔에너지온,한솔에너지온 오창공장,HD600AE-NHE00,HD600AE-NHE00_693.87kgCO2,600,693.87,표준배출계수,2025-11-07,2028-11-06
1777,2025-1777,한솔에너지온,한솔에너지온 오창공장,HD630AE-NHE00,HD630AE-NHE00_660.83kgCO2,630,660.83,표준배출계수,2025-11-07,2028-11-06
1778,2025-1778,한솔에너지온,한솔에너지온 오창공장,HD635AE-NHE00,HD635AE-NHE00_655.63kgCO2,635,655.63,표준배출계수,2025-11-07,2028-11-06
1779,2025-1779,한솔에너지온,한솔에너지온 오창공장,HD640AE-NHE00,HD640AE-NHE00_650.51kgCO2,640,650.51,표준배출계수,2025-11-07,2028-11-06
1780,2025-1780,에이치디현대에너지솔루션(주),음성공장,HiS-T630UJ-OS,HiS-T630UJ-OS_648.80kgCO2,630,648.8,표준배출계수,2025-12-19,2028-12-18
1781,2025-1781,에이치디현대에너지솔루션(주),음성공장,HiS-T635UJ-OS,HiS-T635UJ-OS_643.69kgCO2,635,643.69,표준배출계수,2025-12-19,2028-12-18
1782,2025-1782,에이치디현대에너지솔루션(주),음성공장,HiS-T640UJ-OS,HiS-T640UJ-OS_638.66kgCO2,640,638.66,표준배출계수,2025-12-19,2028-12-18
1783,2025-1783,한화솔루션(주),진천사업장,Q.TRON XL-G2R.9/BFG 635,Q.TRON XL-G2R.9/BFG 635_659.30kgCO2,635,659.3,표준배출계수,2025-12-19,2028-12-18
1784,2025-1784,한화솔루션(주),진천사업장,Q.TRON XL-G2R.9/BFG 640,Q.TRON XL-G2R.9/BFG 640_654.15kgCO2,640,654.15,표준배출계수,2025-12-19,2028-12-18
1785,2025-1785,한화솔루션(주),진천사업장,Q.TRON XL-G2R.9/BFG 645,Q.TRON XL-G2R.9/BFG 645_649.08kgCO2,645,649.08,표준배출계수,2025-12-19,2028-12-18
1786,2025-1786,한화솔루션(주),진천사업장,Q.TRON XL-G2R.9/BFG 635,Q.TRON XL-G2R.9/BFG 635_658.68kgCO2,635,658.68,표준배출계수,2025-12-19,2028-12-18
1787,2025-1787,한화솔루션(주),진천사업장,Q.TRON XL-G2R.9/BFG 640,Q.TRON XL-G2R.9/BFG 640_653.53kgCO2,640,653.53,표준배출계수,2025-12-19,2028-12-18
1788,2025-1788,한화솔루션(주),진천사업장,Q.TRON XL-G2R.9/BFG 645,Q.TRON XL-G2R.9/BFG 645_648.47kgCO2,645,648.47,표준배출계수,2025-12-19,2028-12-18
1789,2025-1789,한화솔루션(주),진천사업장,Q.TRON XL-G2R.9/BFG 635,Q.TRON XL-G2R.9/BFG 635_659.78kgCO2,635,659.78,표준배출계수,2025-12-19,2028-12-18
1790,2025-1790,한화솔루션(주),진천사업장,Q.TRON XL-G2R.9/BFG 640,Q.TRON XL-G2R.9/BFG 640_654.62kgCO2,640,654.62,표준배출계수,2025-12-19,2028-12-18
1791,2025-1791,한화솔루션(주),진천사업장,Q.TRON XL-G2R.9/BFG 645,Q.TRON XL-G2R.9/BFG 645_649.55kgCO2,645,649.55,표준배출계수,2025-12-19,2028-12-18
1792,2025-1792,한화솔루션(주),진천사업장,Q.TRON XL-G2R.9/BFG 635,Q.TRON XL-G2R.9/BFG 635_659.16kgCO2,635,659.16,표준배출계수,2025-12-19,2028-12-18
1793,2025-1793,한화솔루션(주),진천사업장,Q.TRON XL-G2R.9/BFG 640,Q.TRON XL-G2R.9/BFG 640_654.01kgCO2,640,654.01,표준배출계수,2025-12-19,2028-12-18
1794,2025-1794,한화솔루션(주),진천사업장,Q.TRON XL-G2R.9/BFG 645,Q.TRON XL-G2R.9/BFG 645_648.94kgCO2,645,648.94,표준배출계수,2025-12-19,2028-12-18
1795,2025-1795,한화솔루션(주),진천사업장,Q.TRON G2R.9/BFG KJ1 485,Q.TRON G2R.9/BFG KJ1 485_671.92kgCO2,485,671.92,표준배출계수,2025-12-19,2028-12-18
1796,2025-1796,한화솔루션(주),진천사업장,Q.TRON G2R.9/BFG KJ1 490,Q.TRON G2R.9/BFG KJ1 490_665.06kgCO2,490,665.06,표준배출계수,2025-12-19,2028-12-18
1797,2025-1797,한화솔루션(주),진천사업장,Q.TRON G2R.9/BFG KJ1 495,Q.TRON G2R.9/BFG KJ1 495_658.35kgCO2,495,658.35,표준배출계수,2025-12-19,2028-12-18
1798,2025-1798,한화솔루션(주),진천사업장,Q.TRON G2R.9/BFG KJ1 500,Q.TRON G2R.9/BFG KJ1 500_651.76kgCO2,500,651.76,표준배출계수,2025-12-19,2028-12-18
1799,2025-1799,한솔에너지온,한솔에너지온 오창공장,HD435XA-THE10,HD435XA-THE10_718.10kgCO2,435,718.1,표준배출계수,2025-12-19,2028-12-18
1800,2025-1800,한솔에너지온,한솔에너지온 오창공장,HD440XA-THE10,HD440XA-THE10_709.94kgCO2,440,709.94,표준배출계수,2025-12-19,2028-12-18
1801,2025-1801,한솔에너지온,한솔에너지온 오창공장,HS490AB-NHE00,HS490AB-NHE00_656.56kgCO2,490,656.56,표준배출계수,2025-12-19,2028-12-18
1802,2025-1802,한솔에너지온,한솔에너지온 오창공장,HS495AB-NHE00,HS495AB-NHE00_649.93kgCO2,495,649.93,표준배출계수,2025-12-19,2028-12-18
1803,2025-1803,한솔에너지온,한솔에너지온 오창공장,HS500AB-NHE00,HS500AB-NHE00_643.43kgCO2,500,643.43,표준배출계수,2025-12-19,2028-12-18
1804,2025-1804,한솔에너지온,한솔에너지온 오창공장,HS630AE-NHE10,HS630AE-NHE10_660.04kgCO2,630,660.04,표준배출계수,2025-12-19,2028-12-18
1805,2025-1805,한솔에너지온,한솔에너지온 오창공장,HS635AE-NHE10,HS635AE-NHE10_654.84kgCO2,635,654.84,표준배출계수,2025-12-19,2028-12-18
1806,2025-1806,한솔에너지온,한솔에너지온 오창공장,HS640AE-NHE10,HS640AE-NHE10_649.72kgCO2,640,649.72,표준배출계수,2025-12-19,2028-12-18
1807,2025-1807,한솔에너지온,한솔에너지온 오창공장,HS630AE-NHE10,HS630AE-NHE10_661.25kgCO2,630,661.25,표준배출계수,2025-12-19,2028-12-18
1808,2025-1808,한솔에너지온,한솔에너지온 오창공장,HS635AE-NHE10,HS635AE-NHE10_656.04kgCO2,635,656.04,표준배출계수,2025-12-19,2028-12-18
1809,2025-1809,한솔에너지온,한솔에너지온 오창공장,HS640AE-NHE10,HS640AE-NHE10_650.92kgCO2,640,650.92,표준배출계수,2025-12-19,2028-12-18
1810,2026-1810,에스디엔(주),광주첨단공장,Sdm500-THBA-A1,Sdm500-THBA-A1_646.23kgCO2,500,646.23,표준배출계수,2026-02-27,2029-02-26
1811,2026-1811,에스디엔(주),광주첨단공장,Sdm495-THBA-A1,Sdm495-THBA-A1_652.76kgCO2,495,652.76,표준배출계수,2026-02-27,2029-02-26
1812,2026-1812,에스디엔(주),광주첨단공장,Sdm490-THBA-A1,Sdm490-THBA-A1_659.42kgCO2,490,659.42,표준배출계수,2026-02-27,2029-02-26
1813,2026-1813,한화솔루션(주),진천사업장,Q.TRON XL-G2R.9/BFG HJ 635,Q.TRON XL-G2R.9/BFG HJ 635_659.30kgCO2,635,659.3,표준배출계수,2026-02-27,2029-02-26
1814,2026-1814,한화솔루션(주),진천사업장,Q.TRON XL-G2R.9/BFG HJ 640,Q.TRON XL-G2R.9/BFG HJ 640_654.15kgCO2,640,654.15,표준배출계수,2026-02-27,2029-02-26
1815,2026-1815,한화솔루션(주),진천사업장,Q.TRON XL-G2R.9/BFG HJ 645,Q.TRON XL-G2R.9/BFG HJ 645_649.08kgCO2,645,649.08,표준배출계수,2026-02-27,2029-02-26
1816,2026-1816,한화솔루션(주),진천사업장,Q.TRON XL-G2R.9/BFG HJ 635,Q.TRON XL-G2R.9/BFG HJ 635_658.68kgCO2,635,658.68,표준배출계수,2026-02-27,2029-02-26
1817,2026-1817,한화솔루션(주),진천사업장,Q.TRON XL-G2R.9/BFG HJ 640,Q.TRON XL-G2R.9/BFG HJ 640_653.53kgCO2,640,653.53,표준배출계수,2026-02-27,2029-02-26
1818,2026-1818,한화솔루션(주),진천사업장,Q.TRON XL-G2R.9/BFG HJ 645,Q.TRON XL-G2R.9/BFG HJ 645_648.47kgCO2,645,648.47,표준배출계수,2026-02-27,2029-02-26
1819,2026-1819,한화솔루션(주),진천사업장,Q.TRON XL-G2R.9/BFG HJ 635,Q.TRON XL-G2R.9/BFG HJ 635_659.78kgCO2,635,659.78,표준배출계수,2026-02-27,2029-02-26
1820,2026-1820,한화솔루션(주),진천사업장,Q.TRON XL-G2R.9/BFG HJ 640,Q.TRON XL-G2R.9/BFG HJ 640_654.62kgCO2,640,654.62,표준배출계수,2026-02-27,2029-02-26
1821,2026-1821,한화솔루션(주),진천사업장,Q.TRON XL-G2R.9/BFG HJ 645,Q.TRON XL-G2R.9/BFG HJ 645_649.55kgCO2,645,649.55,표준배출계수,2026-02-27,2029-02-26
1822,2026-1822,한화솔루션(주),진천사업장,Q.TRON XL-G2R.9/BFG HJ 635,Q.TRON XL-G2R.9/BFG HJ 635_659.16kgCO2,635,659.16,표준배출계수,2026-02-27,2029-02-26
1823,2026-1823,한화솔루션(주),진천사업장,Q.TRON XL-G2R.9/BFG HJ 640,Q.TRON XL-G2R.9/BFG HJ 640_654.01kgCO2,640,654.01,표준배출계수,2026-02-27,2029-02-26
1824,2026-1824,한화솔루션(주),진천사업장,Q.TRON XL-G2R.9/BFG HJ 645,Q.TRON XL-G2R.9/BFG HJ 645_648.94kgCO2,645,648.94,표준배출계수,2026-02-27,2029-02-26
1825,2026-1825,한솔에너지온,한솔에너지온 오창공장,HS490AB-NHE00,HS490AB-NHE00_659.09kgCO2,490,659.09,표준배출계수,2026-02-27,2029-02-26
1826,2026-1826,한솔에너지온,한솔에너지온 오창공장,HS495AB-NHE00,HS495AB-NHE00_652.44kgCO2,495,652.44,표준배출계수,2026-02-27,2029-02-26
1827,2026-1827,한솔에너지온,한솔에너지온 오창공장,HS500AB-NHE00,HS500AB-NHE00_645.91kgCO2,500,645.91,표준배출계수,2026-02-27,2029-02-26
1828,2026-1828,한솔에너지온,한솔에너지온 오창공장,HS645AE-NHE10,HS645AE-NHE10_644.40kgCO2,645,644.4,표준배출계수,2026-02-27,2029-02-26
1829,2026-1829,한솔에너지온,한솔에너지온 오창공장,HS645AE-NHE10,HS645AE-NHE10_645.58kgCO2,645,645.58,표준배출계수,2026-02-27,2029-02-26
1830,2026-1830,(주)에스에너지,(주)에스에너지 대전공장,SL65-78TGP-645S,SL65-78TGP-645S_646.14kgCO2,645,646.14,표준배출계수,2026-02-27,2029-02-26
1831,2026-1831,한솔에너지온,한솔에너지온 오창공장,HS490AB-NHE10,HS490AB-NHE10_659.05kgCO2,490,659.05,표준배출계수,2026-03-13,2029-03-12
1832,2026-1832,한솔에너지온,한솔에너지온 오창공장,HS500AB-NHE10,HS500AB-NHE10_645.87kgCO2,500,645.87,표준배출계수,2026-03-13,2029-03-12
